show_id,director_id
1,1
2,2
4,2
5,2
11,2
15,2
16,2
18,2
20,2
22,2
26,2
32,2
33,2
34,2
35,2
38,2
40,2
41,2
50,2
51,2
56,2
66,2
67,2
68,2
70,2
71,2
73,2
75,2
77,2
83,2
84,2
86,2
88,2
90,2
93,2
96,2
98,2
99,2
100,2
101,2
105,2
107,2
109,2
110,2
112,2
121,2
122,2
124,2
125,2
126,2
133,2
148,2
154,2
155,2
161,2
166,2
182,2
185,2
187,2
188,2
190,2
194,2
195,2
198,2
213,2
214,2
219,2
220,2
221,2
225,2
226,2
227,2
233,2
235,2
242,2
243,2
244,2
246,2
249,2
255,2
261,2
264,2
266,2
267,2
270,2
272,2
273,2
275,2
276,2
278,2
281,2
287,2
289,2
290,2
292,2
297,2
310,2
312,2
313,2
314,2
320,2
321,2
322,2
323,2
324,2
325,2
332,2
337,2
339,2
362,2
365,2
367,2
369,2
370,2
371,2
377,2
380,2
382,2
383,2
386,2
387,2
391,2
392,2
398,2
400,2
401,2
402,2
404,2
405,2
426,2
431,2
432,2
435,2
436,2
441,2
443,2
454,2
457,2
460,2
466,2
467,2
471,2
473,2
478,2
479,2
483,2
484,2
488,2
489,2
491,2
494,2
498,2
500,2
505,2
510,2
511,2
512,2
513,2
514,2
515,2
516,2
517,2
518,2
520,2
521,2
522,2
523,2
524,2
525,2
526,2
527,2
528,2
531,2
533,2
534,2
536,2
537,2
538,2
539,2
540,2
541,2
544,2
545,2
546,2
547,2
548,2
549,2
550,2
554,2
566,2
572,2
589,2
591,2
618,2
621,2
626,2
628,2
629,2
632,2
639,2
640,2
641,2
642,2
643,2
648,2
649,2
654,2
658,2
659,2
660,2
661,2
662,2
663,2
664,2
666,2
668,2
669,2
670,2
674,2
675,2
676,2
678,2
679,2
680,2
681,2
683,2
685,2
687,2
692,2
697,2
698,2
700,2
701,2
704,2
707,2
710,2
711,2
714,2
715,2
716,2
718,2
720,2
721,2
726,2
730,2
731,2
732,2
733,2
734,2
735,2
739,2
745,2
749,2
750,2
752,2
754,2
756,2
762,2
764,2
768,2
773,2
779,2
781,2
786,2
790,2
796,2
806,2
814,2
821,2
826,2
831,2
834,2
836,2
838,2
843,2
844,2
848,2
849,2
850,2
852,2
853,2
855,2
856,2
858,2
863,2
869,2
870,2
875,2
877,2
881,2
884,2
885,2
889,2
891,2
897,2
901,2
903,2
909,2
913,2
919,2
921,2
922,2
924,2
926,2
928,2
937,2
958,2
964,2
966,2
968,2
969,2
973,2
976,2
994,2
998,2
999,2
1004,2
1005,2
1006,2
1011,2
1012,2
1013,2
1015,2
1026,2
1029,2
1033,2
1039,2
1041,2
1044,2
1045,2
1046,2
1048,2
1049,2
1050,2
1052,2
1057,2
1058,2
1059,2
1060,2
1061,2
1062,2
1063,2
1064,2
1065,2
1066,2
1069,2
1080,2
1082,2
1083,2
1085,2
1092,2
1093,2
1094,2
1095,2
1096,2
1117,2
1124,2
1126,2
1128,2
1130,2
1144,2
1149,2
1150,2
1153,2
1158,2
1159,2
1162,2
1164,2
1167,2
1169,2
1170,2
1175,2
1180,2
1181,2
1182,2
1183,2
1187,2
1201,2
1202,2
1206,2
1207,2
1211,2
1214,2
1218,2
1225,2
1226,2
1227,2
1228,2
1230,2
1232,2
1236,2
1239,2
1246,2
1258,2
1263,2
1269,2
1271,2
1272,2
1273,2
1275,2
1276,2
1278,2
1283,2
1286,2
1288,2
1295,2
1297,2
1299,2
1300,2
1301,2
1302,2
1303,2
1307,2
1309,2
1311,2
1314,2
1315,2
1318,2
1321,2
1322,2
1332,2
1333,2
1336,2
1339,2
1340,2
1349,2
1350,2
1351,2
1353,2
1355,2
1356,2
1357,2
1362,2
1363,2
1364,2
1366,2
1372,2
1374,2
1376,2
1378,2
1381,2
1384,2
1385,2
1386,2
1393,2
1395,2
1396,2
1401,2
1402,2
1403,2
1405,2
1409,2
1426,2
1428,2
1430,2
1431,2
1432,2
1438,2
1440,2
1441,2
1443,2
1444,2
1449,2
1450,2
1456,2
1458,2
1461,2
1463,2
1466,2
1467,2
1472,2
1474,2
1477,2
1478,2
1479,2
1481,2
1483,2
1484,2
1488,2
1490,2
1493,2
1504,2
1506,2
1507,2
1509,2
1515,2
1517,2
1519,2
1528,2
1529,2
1536,2
1539,2
1540,2
1544,2
1546,2
1547,2
1548,2
1549,2
1552,2
1553,2
1554,2
1555,2
1556,2
1560,2
1563,2
1570,2
1571,2
1573,2
1574,2
1575,2
1578,2
1579,2
1580,2
1584,2
1586,2
1590,2
1591,2
1594,2
1595,2
1597,2
1604,2
1606,2
1608,2
1612,2
1615,2
1616,2
1619,2
1620,2
1623,2
1624,2
1626,2
1628,2
1629,2
1635,2
1639,2
1640,2
1641,2
1642,2
1650,2
1659,2
1662,2
1668,2
1669,2
1671,2
1673,2
1685,2
1688,2
1689,2
1693,2
1694,2
1697,2
1698,2
1699,2
1702,2
1709,2
1712,2
1717,2
1718,2
1719,2
1720,2
1723,2
1724,2
1725,2
1727,2
1731,2
1738,2
1739,2
1741,2
1746,2
1747,2
1749,2
1751,2
1755,2
1756,2
1757,2
1758,2
1759,2
1760,2
1761,2
1766,2
1767,2
1770,2
1774,2
1779,2
1780,2
1782,2
1783,2
1791,2
1792,2
1800,2
1804,2
1805,2
1814,2
1829,2
1835,2
1838,2
1840,2
1842,2
1848,2
1849,2
1852,2
1853,2
1855,2
1861,2
1865,2
1869,2
1872,2
1874,2
1876,2
1878,2
1879,2
1886,2
1890,2
1891,2
1894,2
1895,2
1896,2
1907,2
1908,2
1909,2
1911,2
1915,2
1916,2
1918,2
1919,2
1923,2
1924,2
1926,2
1929,2
1930,2
1933,2
1934,2
1948,2
1949,2
1950,2
1952,2
1953,2
1955,2
1956,2
1957,2
1959,2
1962,2
1974,2
1979,2
1980,2
1981,2
1984,2
1989,2
1990,2
1991,2
1992,2
1994,2
1995,2
2003,2
2007,2
2009,2
2010,2
2013,2
2014,2
2022,2
2033,2
2038,2
2041,2
2043,2
2045,2
2048,2
2054,2
2055,2
2059,2
2063,2
2064,2
2065,2
2067,2
2069,2
2070,2
2071,2
2074,2
2079,2
2086,2
2087,2
2090,2
2094,2
2097,2
2098,2
2099,2
2100,2
2102,2
2103,2
2106,2
2107,2
2110,2
2113,2
2114,2
2119,2
2123,2
2124,2
2125,2
2126,2
2128,2
2134,2
2135,2
2136,2
2137,2
2141,2
2145,2
2146,2
2149,2
2152,2
2153,2
2154,2
2157,2
2158,2
2159,2
2161,2
2163,2
2166,2
2169,2
2171,2
2174,2
2175,2
2176,2
2179,2
2181,2
2182,2
2185,2
2190,2
2191,2
2193,2
2202,2
2204,2
2213,2
2218,2
2219,2
2223,2
2224,2
2226,2
2227,2
2228,2
2230,2
2231,2
2236,2
2237,2
2238,2
2239,2
2242,2
2247,2
2250,2
2254,2
2255,2
2256,2
2259,2
2293,2
2294,2
2298,2
2299,2
2300,2
2302,2
2304,2
2306,2
2307,2
2314,2
2319,2
2321,2
2323,2
2328,2
2330,2
2332,2
2335,2
2336,2
2338,2
2344,2
2347,2
2350,2
2353,2
2356,2
2358,2
2360,2
2363,2
2379,2
2384,2
2385,2
2389,2
2391,2
2395,2
2396,2
2397,2
2400,2
2401,2
2402,2
2405,2
2407,2
2409,2
2410,2
2416,2
2418,2
2423,2
2426,2
2427,2
2433,2
2441,2
2445,2
2448,2
2450,2
2451,2
2453,2
2454,2
2460,2
2462,2
2463,2
2467,2
2473,2
2474,2
2477,2
2487,2
2496,2
2500,2
2509,2
2515,2
2516,2
2518,2
2519,2
2520,2
2524,2
2525,2
2526,2
2527,2
2529,2
2530,2
2531,2
2543,2
2547,2
2549,2
2552,2
2553,2
2555,2
2569,2
2570,2
2575,2
2576,2
2581,2
2584,2
2586,2
2587,2
2589,2
2591,2
2599,2
2600,2
2601,2
2607,2
2609,2
2610,2
2612,2
2628,2
2629,2
2632,2
2640,2
2641,2
2642,2
2644,2
2646,2
2649,2
2652,2
2658,2
2659,2
2661,2
2662,2
2663,2
2665,2
2666,2
2667,2
2670,2
2671,2
2677,2
2685,2
2690,2
2692,2
2693,2
2699,2
2700,2
2709,2
2711,2
2719,2
2728,2
2737,2
2740,2
2741,2
2743,2
2744,2
2747,2
2749,2
2752,2
2754,2
2760,2
2762,2
2765,2
2766,2
2768,2
2773,2
2775,2
2778,2
2780,2
2784,2
2785,2
2786,2
2788,2
2789,2
2791,2
2792,2
2793,2
2794,2
2795,2
2798,2
2803,2
2805,2
2808,2
2809,2
2817,2
2819,2
2825,2
2826,2
2827,2
2828,2
2839,2
2842,2
2855,2
2856,2
2858,2
2869,2
2870,2
2871,2
2872,2
2873,2
2875,2
2876,2
2881,2
2884,2
2889,2
2892,2
2893,2
2894,2
2895,2
2901,2
2903,2
2911,2
2918,2
2921,2
2922,2
2923,2
2927,2
2928,2
2932,2
2938,2
2939,2
2942,2
2943,2
2945,2
2946,2
2954,2
2959,2
2960,2
2965,2
2966,2
2967,2
2968,2
2972,2
2975,2
2977,2
2978,2
2980,2
2981,2
2983,2
2984,2
2985,2
2992,2
2993,2
2994,2
2995,2
2998,2
2999,2
3001,2
3002,2
3006,2
3011,2
3012,2
3013,2
3014,2
3016,2
3021,2
3025,2
3029,2
3031,2
3034,2
3035,2
3036,2
3038,2
3040,2
3041,2
3043,2
3046,2
3048,2
3050,2
3051,2
3053,2
3054,2
3056,2
3057,2
3064,2
3066,2
3067,2
3072,2
3075,2
3076,2
3077,2
3080,2
3083,2
3084,2
3085,2
3086,2
3087,2
3088,2
3089,2
3093,2
3096,2
3104,2
3107,2
3109,2
3112,2
3118,2
3120,2
3121,2
3123,2
3128,2
3129,2
3130,2
3147,2
3149,2
3166,2
3169,2
3173,2
3174,2
3177,2
3178,2
3182,2
3183,2
3184,2
3185,2
3186,2
3188,2
3193,2
3197,2
3200,2
3205,2
3209,2
3213,2
3217,2
3220,2
3221,2
3222,2
3223,2
3231,2
3232,2
3233,2
3237,2
3239,2
3241,2
3242,2
3243,2
3244,2
3246,2
3247,2
3248,2
3250,2
3253,2
3256,2
3258,2
3259,2
3264,2
3270,2
3271,2
3272,2
3275,2
3276,2
3277,2
3278,2
3280,2
3282,2
3283,2
3284,2
3285,2
3287,2
3288,2
3289,2
3292,2
3294,2
3295,2
3296,2
3299,2
3302,2
3305,2
3307,2
3311,2
3314,2
3315,2
3317,2
3326,2
3328,2
3329,2
3331,2
3334,2
3337,2
3340,2
3341,2
3342,2
3343,2
3345,2
3346,2
3351,2
3352,2
3353,2
3356,2
3358,2
3361,2
3362,2
3364,2
3365,2
3368,2
3369,2
3370,2
3371,2
3374,2
3376,2
3378,2
3379,2
3382,2
3383,2
3386,2
3394,2
3395,2
3396,2
3397,2
3398,2
3401,2
3402,2
3404,2
3405,2
3407,2
3411,2
3415,2
3416,2
3417,2
3421,2
3427,2
3431,2
3434,2
3436,2
3438,2
3441,2
3443,2
3445,2
3446,2
3448,2
3450,2
3453,2
3454,2
3455,2
3456,2
3458,2
3459,2
3463,2
3464,2
3465,2
3467,2
3468,2
3470,2
3471,2
3474,2
3475,2
3482,2
3484,2
3489,2
3490,2
3492,2
3500,2
3502,2
3503,2
3505,2
3506,2
3509,2
3511,2
3516,2
3520,2
3522,2
3525,2
3526,2
3527,2
3528,2
3535,2
3536,2
3540,2
3541,2
3544,2
3547,2
3551,2
3552,2
3553,2
3554,2
3559,2
3562,2
3563,2
3572,2
3574,2
3576,2
3577,2
3578,2
3579,2
3580,2
3581,2
3582,2
3585,2
3586,2
3588,2
3589,2
3593,2
3598,2
3599,2
3601,2
3602,2
3605,2
3607,2
3608,2
3609,2
3610,2
3611,2
3612,2
3613,2
3616,2
3625,2
3628,2
3630,2
3633,2
3634,2
3637,2
3641,2
3643,2
3645,2
3652,2
3655,2
3656,2
3657,2
3660,2
3661,2
3664,2
3665,2
3666,2
3667,2
3668,2
3670,2
3672,2
3674,2
3675,2
3678,2
3681,2
3683,2
3685,2
3686,2
3687,2
3688,2
3689,2
3690,2
3691,2
3692,2
3693,2
3695,2
3696,2
3697,2
3701,2
3703,2
3705,2
3706,2
3708,2
3709,2
3711,2
3713,2
3717,2
3722,2
3723,2
3724,2
3725,2
3726,2
3727,2
3728,2
3737,2
3738,2
3742,2
3743,2
3745,2
3746,2
3747,2
3749,2
3750,2
3751,2
3752,2
3753,2
3755,2
3756,2
3761,2
3763,2
3770,2
3771,2
3775,2
3779,2
3780,2
3781,2
3783,2
3785,2
3788,2
3790,2
3793,2
3795,2
3797,2
3800,2
3802,2
3807,2
3808,2
3813,2
3818,2
3822,2
3824,2
3825,2
3827,2
3828,2
3832,2
3836,2
3838,2
3839,2
3840,2
3841,2
3844,2
3845,2
3846,2
3847,2
3848,2
3849,2
3850,2
3851,2
3852,2
3853,2
3854,2
3855,2
3856,2
3857,2
3862,2
3865,2
3868,2
3871,2
3877,2
3879,2
3880,2
3881,2
3882,2
3883,2
3884,2
3885,2
3887,2
3888,2
3893,2
3898,2
3899,2
3901,2
3902,2
3903,2
3910,2
3921,2
3925,2
3926,2
3928,2
3932,2
3935,2
3937,2
3938,2
3939,2
3941,2
3942,2
3943,2
3944,2
3945,2
3947,2
3950,2
3954,2
3957,2
3959,2
3962,2
3965,2
3966,2
3969,2
3970,2
3971,2
3972,2
3977,2
3980,2
3981,2
3982,2
3985,2
3987,2
3988,2
3989,2
3990,2
3997,2
3999,2
4002,2
4007,2
4013,2
4015,2
4016,2
4017,2
4023,2
4024,2
4027,2
4028,2
4029,2
4030,2
4031,2
4033,2
4036,2
4043,2
4044,2
4045,2
4055,2
4056,2
4057,2
4058,2
4064,2
4080,2
4085,2
4090,2
4091,2
4106,2
4110,2
4112,2
4115,2
4117,2
4119,2
4120,2
4123,2
4126,2
4127,2
4128,2
4130,2
4131,2
4132,2
4133,2
4138,2
4141,2
4142,2
4143,2
4144,2
4145,2
4146,2
4150,2
4163,2
4164,2
4167,2
4168,2
4169,2
4171,2
4172,2
4173,2
4176,2
4179,2
4180,2
4184,2
4185,2
4188,2
4190,2
4197,2
4200,2
4201,2
4202,2
4203,2
4207,2
4208,2
4216,2
4217,2
4219,2
4221,2
4227,2
4228,2
4231,2
4236,2
4241,2
4242,2
4246,2
4251,2
4252,2
4254,2
4255,2
4257,2
4258,2
4261,2
4262,2
4264,2
4265,2
4266,2
4267,2
4270,2
4271,2
4272,2
4273,2
4274,2
4275,2
4277,2
4280,2
4289,2
4291,2
4297,2
4299,2
4301,2
4305,2
4306,2
4308,2
4309,2
4310,2
4311,2
4312,2
4313,2
4317,2
4321,2
4327,2
4328,2
4341,2
4345,2
4348,2
4351,2
4354,2
4357,2
4360,2
4363,2
4364,2
4366,2
4367,2
4368,2
4369,2
4372,2
4373,2
4377,2
4380,2
4381,2
4382,2
4385,2
4387,2
4388,2
4390,2
4400,2
4401,2
4404,2
4406,2
4407,2
4408,2
4409,2
4410,2
4411,2
4413,2
4414,2
4416,2
4431,2
4437,2
4462,2
4466,2
4470,2
4475,2
4477,2
4479,2
4480,2
4484,2
4486,2
4488,2
4489,2
4490,2
4492,2
4495,2
4496,2
4498,2
4499,2
4502,2
4504,2
4505,2
4509,2
4512,2
4518,2
4519,2
4521,2
4522,2
4524,2
4528,2
4530,2
4531,2
4532,2
4535,2
4536,2
4537,2
4543,2
4547,2
4550,2
4551,2
4552,2
4554,2
4571,2
4605,2
4609,2
4622,2
4623,2
4624,2
4628,2
4629,2
4630,2
4632,2
4633,2
4634,2
4635,2
4636,2
4637,2
4638,2
4639,2
4640,2
4641,2
4644,2
4645,2
4646,2
4648,2
4649,2
4651,2
4652,2
4653,2
4655,2
4656,2
4659,2
4663,2
4664,2
4671,2
4673,2
4674,2
4675,2
4677,2
4678,2
4679,2
4683,2
4690,2
4696,2
4697,2
4703,2
4704,2
4705,2
4710,2
4711,2
4712,2
4717,2
4718,2
4739,2
4742,2
4743,2
4744,2
4745,2
4748,2
4751,2
4753,2
4755,2
4759,2
4760,2
4762,2
4763,2
4764,2
4765,2
4767,2
4768,2
4772,2
4773,2
4777,2
4778,2
4779,2
4781,2
4799,2
4805,2
4808,2
4810,2
4814,2
4816,2
4819,2
4821,2
4822,2
4825,2
4832,2
4833,2
4837,2
4838,2
4839,2
4842,2
4845,2
4846,2
4847,2
4849,2
4853,2
4854,2
4857,2
4858,2
4863,2
4866,2
4870,2
4875,2
4880,2
4893,2
4895,2
4896,2
4897,2
4899,2
4901,2
4904,2
4909,2
4911,2
4914,2
4915,2
4925,2
4926,2
4927,2
4931,2
4934,2
4942,2
4943,2
4947,2
4950,2
4952,2
4958,2
4962,2
4965,2
4968,2
4974,2
4977,2
4979,2
4981,2
4985,2
4986,2
4989,2
4993,2
4995,2
4998,2
5001,2
5005,2
5006,2
5024,2
5027,2
5028,2
5030,2
5031,2
5033,2
5036,2
5037,2
5039,2
5047,2
5049,2
5053,2
5058,2
5062,2
5064,2
5066,2
5070,2
5071,2
5076,2
5079,2
5083,2
5088,2
5090,2
5091,2
5096,2
5098,2
5099,2
5100,2
5104,2
5106,2
5110,2
5113,2
5119,2
5120,2
5121,2
5126,2
5127,2
5129,2
5139,2
5140,2
5141,2
5142,2
5146,2
5148,2
5150,2
5151,2
5155,2
5156,2
5158,2
5160,2
5166,2
5167,2
5169,2
5170,2
5171,2
5174,2
5176,2
5179,2
5181,2
5186,2
5192,2
5193,2
5194,2
5195,2
5196,2
5201,2
5206,2
5207,2
5209,2
5211,2
5216,2
5217,2
5220,2
5222,2
5232,2
5233,2
5237,2
5238,2
5243,2
5244,2
5245,2
5246,2
5247,2
5248,2
5251,2
5252,2
5255,2
5258,2
5259,2
5260,2
5263,2
5264,2
5273,2
5275,2
5279,2
5281,2
5285,2
5286,2
5287,2
5288,2
5289,2
5290,2
5292,2
5296,2
5298,2
5299,2
5300,2
5302,2
5306,2
5321,2
5322,2
5325,2
5328,2
5346,2
5348,2
5349,2
5350,2
5351,2
5353,2
5355,2
5356,2
5357,2
5361,2
5363,2
5364,2
5366,2
5367,2
5381,2
5383,2
5384,2
5385,2
5387,2
5391,2
5393,2
5394,2
5396,2
5398,2
5400,2
5402,2
5404,2
5405,2
5406,2
5407,2
5408,2
5410,2
5411,2
5413,2
5414,2
5415,2
5422,2
5423,2
5426,2
5434,2
5435,2
5437,2
5438,2
5439,2
5440,2
5445,2
5446,2
5458,2
5459,2
5460,2
5465,2
5466,2
5471,2
5478,2
5480,2
5489,2
5495,2
5510,2
5511,2
5514,2
5515,2
5520,2
5521,2
5524,2
5538,2
5539,2
5543,2
5554,2
5559,2
5564,2
5567,2
5568,2
5570,2
5576,2
5579,2
5581,2
5584,2
5586,2
5592,2
5593,2
5594,2
5599,2
5602,2
5604,2
5609,2
5610,2
5612,2
5641,2
5651,2
5654,2
5655,2
5656,2
5659,2
5663,2
5666,2
5668,2
5669,2
5670,2
5671,2
5672,2
5673,2
5674,2
5676,2
5678,2
5681,2
5684,2
5685,2
5687,2
5691,2
5693,2
5700,2
5701,2
5704,2
5708,2
5716,2
5717,2
5721,2
5723,2
5724,2
5728,2
5729,2
5730,2
5731,2
5732,2
5733,2
5742,2
5745,2
5752,2
5753,2
5754,2
5760,2
5763,2
5764,2
5767,2
5769,2
5770,2
5772,2
5776,2
5778,2
5782,2
5786,2
5787,2
5788,2
5789,2
5790,2
5791,2
5792,2
5799,2
5800,2
5801,2
5802,2
5803,2
5804,2
5805,2
5806,2
5807,2
5808,2
5812,2
5813,2
5815,2
5823,2
5824,2
5826,2
5828,2
5830,2
5837,2
5839,2
5844,2
5845,2
5846,2
5851,2
5854,2
5856,2
5857,2
5863,2
5864,2
5867,2
5868,2
5870,2
5871,2
5872,2
5878,2
5883,2
5886,2
5896,2
5901,2
5903,2
5909,2
5915,2
5919,2
5920,2
5921,2
5923,2
5924,2
5934,2
5940,2
5941,2
5965,2
5968,2
5975,2
5979,2
5983,2
5985,2
5987,2
5990,2
5998,2
6002,2
6027,2
6038,2
6045,2
6049,2
6067,2
6068,2
6078,2
6090,2
6095,2
6101,2
6102,2
6103,2
6106,2
6109,2
6127,2
6133,2
6138,2
6147,2
6157,2
6162,2
6167,2
6168,2
6175,2
6178,2
6195,2
6199,2
6214,2
6217,2
6220,2
6229,2
6250,2
6251,2
6253,2
6254,2
6259,2
6262,2
6263,2
6264,2
6265,2
6266,2
6276,2
6277,2
6280,2
6282,2
6287,2
6292,2
6295,2
6296,2
6302,2
6305,2
6319,2
6324,2
6336,2
6342,2
6348,2
6358,2
6361,2
6362,2
6365,2
6369,2
6374,2
6379,2
6382,2
6386,2
6390,2
6394,2
6399,2
6402,2
6405,2
6408,2
6412,2
6414,2
6417,2
6421,2
6427,2
6431,2
6452,2
6456,2
6457,2
6458,2
6460,2
6461,2
6470,2
6478,2
6484,2
6488,2
6491,2
6496,2
6499,2
6505,2
6506,2
6507,2
6508,2
6509,2
6510,2
6514,2
6515,2
6520,2
6521,2
6525,2
6533,2
6539,2
6543,2
6550,2
6557,2
6560,2
6561,2
6564,2
6569,2
6572,2
6573,2
6587,2
6588,2
6602,2
6604,2
6608,2
6612,2
6614,2
6619,2
6636,2
6647,2
6651,2
6652,2
6653,2
6659,2
6660,2
6661,2
6664,2
6672,2
6673,2
6674,2
6675,2
6677,2
6679,2
6691,2
6694,2
6696,2
6698,2
6708,2
6710,2
6715,2
6718,2
6725,2
6729,2
6732,2
6733,2
6742,2
6745,2
6751,2
6764,2
6767,2
6771,2
6774,2
6775,2
6783,2
6786,2
6789,2
6792,2
6796,2
6804,2
6807,2
6812,2
6813,2
6821,2
6823,2
6825,2
6826,2
6828,2
6834,2
6835,2
6836,2
6837,2
6842,2
6850,2
6858,2
6869,2
6872,2
6886,2
6890,2
6891,2
6895,2
6896,2
6902,2
6907,2
6908,2
6918,2
6920,2
6923,2
6924,2
6927,2
6931,2
6936,2
6938,2
6942,2
6952,2
6954,2
6956,2
6964,2
6966,2
6970,2
6971,2
6972,2
6975,2
6977,2
6982,2
6997,2
6999,2
7007,2
7018,2
7025,2
7029,2
7030,2
7034,2
7040,2
7051,2
7055,2
7060,2
7070,2
7081,2
7082,2
7083,2
7084,2
7086,2
7099,2
7101,2
7102,2
7117,2
7121,2
7124,2
7126,2
7130,2
7132,2
7139,2
7143,2
7144,2
7149,2
7156,2
7158,2
7169,2
7178,2
7183,2
7185,2
7186,2
7188,2
7197,2
7215,2
7216,2
7218,2
7223,2
7227,2
7233,2
7236,2
7246,2
7255,2
7256,2
7257,2
7258,2
7264,2
7265,2
7267,2
7269,2
7280,2
7286,2
7288,2
7291,2
7292,2
7298,2
7301,2
7302,2
7308,2
7313,2
7319,2
7322,2
7325,2
7326,2
7332,2
7339,2
7343,2
7344,2
7349,2
7350,2
7354,2
7360,2
7369,2
7377,2
7382,2
7383,2
7384,2
7386,2
7393,2
7405,2
7407,2
7409,2
7419,2
7436,2
7437,2
7439,2
7447,2
7448,2
7450,2
7454,2
7456,2
7458,2
7460,2
7464,2
7469,2
7481,2
7484,2
7486,2
7503,2
7506,2
7522,2
7529,2
7530,2
7539,2
7541,2
7548,2
7552,2
7569,2
7570,2
7571,2
7572,2
7573,2
7574,2
7575,2
7577,2
7587,2
7589,2
7590,2
7594,2
7598,2
7600,2
7611,2
7624,2
7625,2
7628,2
7629,2
7630,2
7633,2
7641,2
7647,2
7650,2
7663,2
7667,2
7672,2
7675,2
7676,2
7686,2
7690,2
7694,2
7699,2
7706,2
7710,2
7711,2
7719,2
7722,2
7726,2
7730,2
7748,2
7757,2
7760,2
7761,2
7762,2
7763,2
7764,2
7765,2
7766,2
7767,2
7768,2
7769,2
7770,2
7771,2
7772,2
7773,2
7774,2
7775,2
7776,2
7777,2
7778,2
7780,2
7781,2
7782,2
7783,2
7784,2
7785,2
7786,2
7787,2
7788,2
7799,2
7801,2
7807,2
7809,2
7811,2
7813,2
7814,2
7816,2
7829,2
7836,2
7839,2
7841,2
7843,2
7848,2
7851,2
7857,2
7863,2
7868,2
7871,2
7873,2
7879,2
7893,2
7898,2
7907,2
7909,2
7943,2
7949,2
7954,2
7969,2
7983,2
7985,2
7992,2
7994,2
8001,2
8003,2
8016,2
8021,2
8022,2
8023,2
8031,2
8032,2
8041,2
8045,2
8059,2
8063,2
8065,2
8071,2
8084,2
8086,2
8094,2
8095,2
8098,2
8103,2
8108,2
8110,2
8118,2
8122,2
8126,2
8130,2
8133,2
8138,2
8144,2
8148,2
8149,2
8166,2
8174,2
8175,2
8176,2
8181,2
8183,2
8190,2
8194,2
8200,2
8207,2
8209,2
8210,2
8217,2
8232,2
8244,2
8251,2
8258,2
8263,2
8269,2
8272,2
8278,2
8283,2
8288,2
8312,2
8316,2
8317,2
8322,2
8331,2
8332,2
8335,2
8337,2
8348,2
8350,2
8354,2
8358,2
8367,2
8369,2
8372,2
8374,2
8377,2
8379,2
8380,2
8393,2
8398,2
8412,2
8422,2
8423,2
8424,2
8425,2
8429,2
8430,2
8432,2
8438,2
8440,2
8443,2
8472,2
8475,2
8477,2
8483,2
8491,2
8504,2
8511,2
8519,2
8520,2
8524,2
8534,2
8540,2
8542,2
8545,2
8546,2
8552,2
8558,2
8561,2
8568,2
8575,2
8576,2
8589,2
8593,2
8594,2
8597,2
8601,2
8605,2
8606,2
8610,2
8634,2
8645,2
8647,2
8648,2
8654,2
8670,2
8680,2
8685,2
8691,2
8701,2
8711,2
8713,2
8721,2
8722,2
8727,2
8737,2
8741,2
8742,2
8748,2
8750,2
8756,2
8759,2
8776,2
8781,2
8784,2
8785,2
8786,2
8796,2
8797,2
8798,2
8801,2
8804,2
3,3
1237,3
2669,3
6,4
5092,4
5253,4
5853,4
7,5
7,6
8,7
9,8
10,9
12,10
13,11
14,12
262,12
2602,12
3748,12
17,13
17,14
19,15
21,16
2425,16
23,17
24,18
1636,18
1893,18
2167,18
2580,18
24,19
1636,19
1893,19
2167,19
2580,19
25,20
27,21
3933,21
4062,21
28,22
1354,22
6304,22
8791,22
29,23
6985,23
7287,23
30,24
1122,24
5960,24
7205,24
7504,24
8543,24
31,25
4691,25
31,26
638,26
1940,26
1943,26
5652,26
31,27
4108,27
36,28
37,29
39,30
42,31
330,31
1204,31
7071,31
7072,31
7073,31
7074,31
7309,31
7958,31
8185,31
8697,31
43,32
44,33
45,34
7753,34
46,35
47,36
48,37
3153,37
49,38
175,38
3870,38
6380,38
52,39
53,39
54,39
55,39
7089,39
7090,39
7091,39
57,40
59,40
61,40
6847,40
7560,40
58,41
60,41
62,42
63,43
64,44
5835,44
65,45
69,46
69,47
69,48
72,49
74,50
199,50
5531,50
76,51
1305,51
78,52
862,52
2115,52
3226,52
3391,52
7318,52
7320,52
79,53
80,53
81,54
82,55
85,56
85,57
2253,57
87,58
3673,58
89,59
91,60
92,61
92,62
94,63
95,64
2004,64
2080,64
8794,64
97,65
102,66
186,66
5932,66
102,67
186,67
5932,67
103,68
104,69
106,70
108,71
111,72
2712,72
111,73
113,74
4520,74
114,75
3321,75
115,76
116,77
123,77
268,77
117,78
3911,78
6008,78
6075,78
7095,78
118,79
119,80
120,81
1530,81
127,82
128,83
129,84
6567,84
7936,84
130,85
139,85
934,85
1241,85
1470,85
8353,85
8442,85
131,86
132,87
6323,87
134,88
6618,88
135,89
7715,89
8040,89
136,90
333,90
8033,90
137,91
8527,91
138,92
1622,92
6799,92
140,93
360,93
2394,93
5512,93
7959,93
141,94
2112,94
3642,94
142,95
6760,95
7404,95
143,96
7691,96
144,97
6428,97
6867,97
8310,97
8414,97
145,98
163,98
3772,98
146,99
146,100
147,101
149,102
150,103
151,104
152,105
152,106
153,107
156,108
8267,108
157,109
158,110
159,111
160,112
4149,112
7346,112
162,113
6447,113
8139,113
164,114
6248,114
8434,114
8435,114
165,115
167,116
7660,116
168,117
168,118
169,119
2593,119
7211,119
169,120
2593,120
7211,120
7516,120
170,121
184,121
560,121
171,122
6746,122
8391,122
172,123
173,124
174,125
176,126
6894,126
177,127
178,128
179,129
179,130
180,131
6711,131
181,132
6019,132
6165,132
6843,132
183,133
7957,133
189,134
189,135
191,136
192,137
193,138
205,138
3789,138
196,139
197,140
753,140
4066,140
200,141
201,142
202,143
202,144
1713,144
4427,144
4450,144
4572,144
203,145
8773,145
204,146
206,147
2271,147
5010,147
6441,147
6450,147
6937,147
7145,147
7387,147
7525,147
207,148
2268,148
3061,148
4455,148
4826,148
7187,148
7996,148
208,149
216,149
209,150
210,150
218,150
865,150
4441,150
5215,150
211,151
212,152
215,153
217,154
217,155
222,156
223,157
358,157
3430,157
8096,157
224,158
224,159
228,160
229,161
1360,161
6563,161
230,162
231,163
232,164
234,165
236,166
237,167
238,167
239,167
240,167
298,167
241,168
245,169
247,170
248,171
250,172
251,173
252,174
5054,174
6703,174
253,175
254,176
258,176
5008,176
5009,176
5022,176
256,177
257,178
959,178
259,179
260,180
263,181
4912,181
265,182
1880,182
4483,182
7317,182
7516,182
7518,182
269,183
2235,183
2422,183
3210,183
271,184
274,185
277,186
279,187
280,188
282,189
2919,189
283,190
2537,190
284,191
8620,191
285,192
1105,192
2214,192
3323,192
4869,192
286,193
288,194
291,195
4708,195
293,196
294,197
2833,197
3393,197
295,198
296,199
298,200
1142,200
2289,200
298,201
4430,201
4900,201
4949,201
6297,201
6299,201
8172,201
298,202
298,203
298,204
688,204
3934,204
3940,204
298,205
298,206
4189,206
298,207
1521,207
299,208
689,208
995,208
1234,208
300,209
301,210
301,211
302,212
1680,212
1941,212
5617,212
6871,212
303,213
303,214
304,215
6706,215
305,216
306,217
307,218
308,219
309,220
311,221
3622,221
315,222
7171,222
316,223
317,224
693,224
318,225
319,226
319,227
326,228
8305,228
8306,228
8516,228
327,229
328,230
8462,230
8723,230
329,231
331,232
331,233
334,234
335,235
336,236
6481,236
338,237
340,238
4137,238
340,239
4137,239
341,240
342,241
565,241
1053,241
2864,241
3710,241
343,242
569,242
344,243
345,243
346,244
347,245
7396,245
348,246
349,247
350,248
1910,248
351,249
800,249
820,249
943,249
6889,249
7092,249
7127,249
352,250
353,251
354,252
355,253
8526,253
356,254
357,255
359,256
361,257
583,257
7904,257
363,258
748,258
1897,258
364,259
366,260
372,260
368,261
373,262
691,262
374,263
375,264
376,265
378,266
379,267
381,268
384,269
4559,269
6300,269
6523,269
6531,269
8005,269
8672,269
385,270
388,271
3766,271
389,272
389,273
390,274
393,275
3894,275
5204,275
7078,275
7114,275
7198,275
7199,275
7803,275
394,276
4771,276
5360,276
5390,276
395,277
396,278
3712,278
4491,278
397,279
399,280
2822,280
403,281
406,282
6462,282
407,283
408,283
409,283
410,283
411,283
412,283
413,283
414,283
415,283
416,283
417,283
420,283
421,283
422,283
423,283
424,283
425,283
2718,283
2738,283
6298,283
6465,283
6646,283
418,284
6465,284
419,285
419,286
6463,286
6464,286
422,287
427,288
427,289
428,290
6808,290
7948,290
429,291
430,292
502,292
2886,292
433,293
433,294
433,295
434,296
437,297
438,298
439,299
440,300
440,301
440,302
440,303
440,304
442,305
480,305
551,305
444,306
5910,306
445,307
446,308
3009,308
5882,308
447,309
7921,309
448,310
449,310
450,311
451,312
1289,312
6082,312
452,313
453,314
455,315
456,316
458,317
459,318
461,319
461,320
5888,320
8152,320
462,321
463,322
3514,322
464,323
464,324
465,325
468,326
469,327
470,328
472,329
472,330
474,331
475,332
476,333
477,334
481,335
482,336
485,337
3420,337
486,338
487,339
487,340
8159,340
490,341
492,342
493,343
495,344
1255,344
8436,344
496,345
497,346
499,347
501,348
503,349
504,350
506,351
650,351
506,352
507,353
508,354
509,355
519,356
1088,356
6738,356
529,357
529,358
530,359
2355,359
2362,359
2366,359
2367,359
2368,359
2369,359
2370,359
2374,359
2376,359
2377,359
2461,359
532,360
532,361
532,362
535,363
2476,363
2559,363
542,364
543,365
552,366
2727,366
553,367
555,368
2478,368
556,369
5416,369
557,370
558,371
558,372
559,373
3338,373
5122,373
5334,373
561,374
562,375
563,375
564,375
6613,375
8638,375
567,376
1609,376
2030,376
3799,376
5227,376
6448,376
8168,376
568,377
570,378
571,379
573,380
574,381
574,382
8396,382
575,383
576,384
577,385
578,386
2801,386
579,387
7418,387
580,388
581,389
582,390
6712,390
7858,390
584,391
6716,391
8106,391
585,392
4285,392
586,393
587,394
588,395
588,396
588,397
588,398
6829,398
8266,398
588,399
590,400
592,401
1445,401
8470,401
593,402
594,403
595,404
596,405
2143,405
8111,405
8308,405
597,406
2830,406
4843,406
5284,406
7952,406
598,407
8088,407
8446,407
599,408
600,409
601,410
1596,410
7702,410
8321,410
8512,410
8803,410
602,411
603,411
604,411
7880,411
7884,411
605,412
606,413
811,413
8198,413
607,414
1176,414
608,415
8427,415
609,416
610,417
8397,417
611,418
612,419
8002,419
612,420
8002,420
613,421
614,422
3152,422
3157,422
615,423
616,424
617,425
6148,425
619,426
620,427
622,428
623,429
624,430
625,431
627,432
7546,432
630,433
631,434
633,435
634,436
635,437
636,438
637,439
7203,439
638,440
638,441
3805,441
644,442
645,443
646,444
647,445
1841,445
3347,445
651,446
652,447
653,447
655,448
656,448
657,448
3786,448
665,449
667,450
671,451
672,451
673,451
690,451
671,452
672,452
690,452
677,453
2406,453
682,454
684,455
686,456
6082,456
6487,456
694,457
6824,457
695,458
696,458
840,458
699,459
1527,459
1733,459
2050,459
4041,459
702,460
703,461
8297,461
705,462
706,463
708,464
709,465
712,466
8513,466
713,467
717,468
719,469
722,470
2177,470
2763,470
7986,470
723,471
724,472
3062,472
4009,472
4011,472
4999,472
5277,472
725,473
7017,473
8062,473
727,474
1329,474
3864,474
5832,474
6917,474
727,475
728,476
1304,476
728,477
729,478
6459,478
736,479
737,480
738,481
740,482
741,483
3584,483
5332,483
6040,483
742,484
743,485
743,486
744,487
747,487
4922,487
746,488
751,489
755,490
757,491
758,492
759,493
760,494
761,494
763,495
765,496
2047,496
766,497
8611,497
767,498
2997,498
3712,498
769,499
770,500
770,501
771,502
772,503
774,504
775,505
776,506
777,507
6344,507
6512,507
778,508
778,509
780,510
782,511
783,512
784,513
785,514
787,515
809,515
1134,515
1817,515
3042,515
3101,515
4485,515
4540,515
8626,515
8627,515
788,516
6635,516
6723,516
789,517
791,518
792,519
2708,519
3236,519
793,520
7902,520
8188,520
8230,520
794,521
5488,521
6978,521
7104,521
8220,521
795,522
797,523
798,524
799,525
801,526
802,527
803,528
8669,528
804,529
805,530
807,531
808,531
1131,531
1132,531
1133,531
1248,531
1256,531
810,532
931,532
1334,532
812,533
1582,533
2178,533
3230,533
3457,533
7492,533
813,534
7967,534
815,535
816,536
817,537
818,538
819,539
5159,539
822,540
8537,540
823,541
824,542
5329,542
825,543
827,544
4792,544
5040,544
5843,544
828,545
2514,545
829,546
830,547
832,548
832,549
833,550
835,551
837,552
839,553
841,554
842,555
845,556
846,557
2840,557
847,558
7242,558
851,559
854,560
7283,560
857,561
859,562
8795,562
860,563
861,564
864,565
1495,565
1665,565
8011,565
8075,565
8076,565
8077,565
8184,565
866,566
5114,566
5157,566
6697,566
867,567
867,568
868,569
871,570
872,571
873,572
3103,572
874,573
876,574
1031,574
1567,574
3619,574
4047,574
4071,574
4072,574
878,575
879,576
880,577
882,578
883,579
886,580
887,581
888,582
890,583
892,584
2315,584
893,585
8591,585
894,586
1055,586
1194,586
895,587
8247,587
896,588
6998,588
898,589
899,590
900,591
902,592
904,593
905,594
1268,594
906,595
907,596
996,596
2606,596
2621,596
2622,596
3403,596
3890,596
5582,596
8683,596
908,597
910,598
4183,598
911,599
912,600
914,601
915,602
916,603
917,604
918,605
918,606
920,607
923,608
925,609
6114,609
6371,609
8060,609
927,610
929,611
930,612
932,613
933,614
4523,614
5966,614
935,615
5418,615
936,616
1407,616
2583,616
936,617
2583,617
936,618
938,619
939,619
940,619
941,619
942,619
1007,619
1008,619
1009,619
1072,619
1073,619
1074,619
1075,619
1077,619
1078,619
1079,619
7514,619
944,620
5720,620
945,621
946,622
947,623
1114,623
5982,623
948,624
949,625
950,626
951,627
8405,627
8406,627
952,628
1502,628
3556,628
7153,628
953,629
954,630
6814,630
955,631
955,632
956,633
957,634
6451,634
6985,634
7122,634
8643,634
8783,634
960,635
961,636
3983,636
962,637
962,638
963,639
7062,639
965,640
965,641
967,642
970,643
8252,643
971,644
972,645
974,646
975,647
977,648
1954,648
2361,648
3372,648
5977,648
6530,648
7981,648
978,649
1871,649
979,650
991,650
2025,650
3428,650
6286,650
6726,650
6727,650
6728,650
980,651
981,651
980,652
982,653
996,653
6071,653
983,654
3534,654
984,655
4769,655
6111,655
985,656
1900,656
6225,656
986,657
987,657
2617,657
3521,657
7716,657
988,658
989,659
990,660
2619,660
3508,660
992,661
993,662
993,663
997,664
1000,665
1001,666
7138,666
1002,667
1003,668
1010,669
1010,670
8123,670
1014,671
1016,672
1017,673
3137,673
5588,673
1018,674
1019,675
1020,676
2127,676
2917,676
4574,676
4731,676
5015,676
1021,677
4467,677
1022,678
1022,679
1023,680
1024,681
2729,681
1024,682
1024,683
1024,684
1025,685
1027,686
1028,687
3069,687
6958,687
1030,688
1032,689
1034,690
1611,690
1625,690
1657,690
7014,690
8052,690
8053,690
1035,691
8290,691
1035,692
8290,692
1036,693
1037,694
1037,695
1038,696
1040,697
1042,698
1042,699
1043,700
1047,701
1051,702
1054,703
1056,704
7253,704
1067,705
1068,706
1070,707
1071,708
1076,709
1076,710
1076,711
1076,712
1076,713
1076,714
1076,715
4812,715
5276,715
1081,716
1084,717
1086,718
2411,718
1087,719
1089,720
1090,721
1090,722
1091,723
2475,723
6400,723
6753,723
8132,723
1097,724
1098,725
6433,725
1099,726
1100,727
1101,728
1102,729
1103,730
1104,731
1106,732
1107,733
1107,734
1108,735
1655,735
3167,735
1109,736
1110,737
1110,738
1111,739
7989,739
1112,740
1113,741
5164,741
1115,742
4508,742
4661,742
1116,743
1118,744
1119,745
1284,745
1285,745
1120,746
1121,747
1123,748
1125,749
8034,749
1127,750
1129,751
3098,751
1135,752
6911,752
1135,753
3486,753
1136,754
1137,755
1414,755
1850,755
2650,755
3974,755
4160,755
4162,755
8050,755
1137,756
1138,757
1139,758
1140,759
1715,759
1141,760
1143,761
1145,762
6172,762
8227,762
1146,763
1147,764
1148,765
1151,766
1152,767
1860,767
2132,767
1154,768
1155,769
1583,769
1156,770
1157,771
1160,772
1161,773
1163,774
1165,775
2568,775
3139,775
3549,775
3889,775
3930,775
3948,775
4884,775
1166,776
1168,777
1171,778
1172,779
1173,780
4856,780
1174,781
6080,781
1177,782
1178,783
1179,784
7192,784
1184,785
1185,786
1186,787
1188,788
1189,789
1190,790
1279,790
2322,790
3496,790
5162,790
5794,790
5817,790
6656,790
1191,791
4928,791
1192,792
3513,792
4008,792
4010,792
4154,792
5661,792
1192,793
1193,794
1195,795
2880,795
1196,796
4177,796
5165,796
1197,797
1198,798
1585,798
8342,798
1199,799
1200,800
1765,800
7649,800
7752,800
8758,800
1203,801
1205,802
1208,803
1209,804
2613,804
1210,805
1212,806
6088,806
1213,807
1215,808
1216,809
1217,810
1219,811
4795,811
1220,812
1221,813
1222,814
1223,815
1223,816
1224,817
1224,818
1229,819
1231,820
2987,820
1233,821
1235,822
1238,823
2392,823
2532,823
2533,823
1240,824
1242,825
3842,825
1243,826
6626,826
7554,826
1243,827
1244,828
3529,828
1245,829
1247,830
1249,831
8535,831
1250,832
1250,833
1251,834
1252,835
1253,836
1254,837
7492,837
7501,837
1254,838
1257,839
5469,839
1259,840
1259,841
1260,842
1261,843
1262,844
1267,844
7578,844
1264,845
6188,845
1265,846
1266,847
1681,847
2280,847
1270,848
1274,849
1277,850
1280,851
2311,851
6346,851
7800,851
1281,852
1281,853
1282,854
1287,855
1290,856
1291,857
1292,858
1293,859
3206,859
3996,859
6787,859
1294,860
1294,861
3493,861
3494,861
3517,861
1294,862
1294,863
1296,864
1298,865
1868,865
1306,866
5963,866
1308,867
1310,868
1701,868
1312,869
1313,870
1316,871
1317,872
1319,873
2926,873
1320,874
1323,875
1324,876
1325,877
1328,877
2498,877
5758,877
6066,877
1326,878
1327,879
1330,880
1331,881
1335,882
1337,883
1338,884
1341,885
1342,886
1343,887
1344,888
3515,888
3684,888
1345,889
1346,890
1347,891
1348,892
5375,892
1352,893
1358,894
3262,894
1359,895
2633,895
2861,895
3228,895
3760,895
6112,895
6827,895
6881,895
7432,895
7821,895
8273,895
8736,895
1361,896
1365,897
1613,897
1367,898
1368,899
1369,900
1370,901
1371,902
8270,902
1373,903
1375,904
1377,905
1379,906
1380,907
1382,908
1383,909
1387,910
1388,911
6541,911
1389,912
1390,913
1391,914
1392,915
5011,915
1394,916
1397,917
7214,917
1398,918
1768,918
1399,919
8079,919
1400,920
1400,921
1404,922
1406,923
1407,924
5649,924
1408,925
1410,926
1411,927
1412,928
5927,928
1413,929
1415,930
1415,931
1416,932
8652,932
1417,933
7674,933
8503,933
1418,934
1419,935
1420,936
1421,937
2836,937
1422,938
1422,939
1423,940
1427,940
4458,940
4732,940
6074,940
1424,941
1425,942
1429,943
1433,944
1434,945
1435,946
1435,947
1436,948
1437,949
1437,950
1439,951
1985,951
7273,951
1442,952
1446,953
1447,954
3986,954
1448,955
1451,956
1452,957
1453,958
1454,959
6062,959
1455,960
1457,961
8386,961
1459,962
1460,963
1462,964
1464,965
1465,966
1465,967
1468,968
1469,969
1471,970
1473,971
1475,972
1476,973
1480,974
5468,974
7700,974
1482,975
1485,976
1485,977
1486,978
8487,978
1487,979
1487,980
1489,981
1491,982
1816,982
2156,982
1492,983
3590,983
4611,983
4701,983
1494,984
1496,985
2931,985
3444,985
1497,986
1498,987
1648,987
1678,987
1683,987
1708,987
1810,987
4022,987
4069,987
4074,987
4075,987
4076,987
4077,987
8790,987
1499,988
1499,989
1500,990
6879,990
1501,991
1503,992
2170,992
1505,993
1505,994
1508,995
1510,996
1651,996
4243,996
8492,996
1511,997
1512,998
1513,999
1514,1000
1516,1001
1518,1002
7588,1002
1520,1003
1522,1003
1523,1003
1521,1004
1521,1005
1521,1006
1524,1007
1525,1008
1526,1009
1531,1010
1532,1011
1533,1012
1533,1013
1534,1014
1535,1015
1568,1015
1569,1015
3573,1015
1537,1016
6434,1016
1538,1017
1541,1018
3291,1018
1542,1019
1542,1020
1543,1021
2988,1021
1545,1022
1550,1023
1551,1024
1771,1024
2571,1024
2573,1024
1557,1025
1558,1026
1559,1027
1559,1028
1561,1029
6665,1029
1562,1030
7118,1030
1564,1031
1565,1032
1566,1033
3995,1033
4021,1033
1572,1034
1576,1035
1577,1036
1581,1037
1581,1038
1581,1039
1587,1040
5503,1040
5650,1040
1588,1041
1588,1042
1588,1043
1589,1044
1592,1045
1592,1046
1593,1047
5107,1047
5527,1047
5528,1047
5529,1047
1598,1048
1599,1049
3993,1049
1600,1050
1601,1051
1602,1052
1603,1053
1605,1054
1607,1055
1610,1056
4353,1056
1614,1057
1617,1058
1618,1059
1621,1060
6809,1060
1627,1061
1630,1062
1631,1063
1632,1064
1633,1065
3545,1065
1634,1066
1637,1067
1638,1068
1643,1069
1644,1070
1645,1071
1646,1072
3363,1072
1647,1073
1649,1074
1652,1075
1653,1076
1654,1076
1656,1077
2209,1077
2764,1077
1656,1078
2209,1078
2764,1078
1658,1079
1660,1080
1661,1081
1663,1082
1664,1083
1666,1084
1667,1085
7204,1085
1670,1086
1670,1087
1672,1088
1674,1089
1679,1089
2268,1089
2421,1089
3061,1089
3590,1089
4563,1089
4826,1089
8653,1089
1675,1090
1676,1091
1677,1092
1682,1093
1684,1094
4465,1094
7394,1094
8629,1094
1686,1095
1687,1096
3219,1096
3310,1096
3953,1096
5536,1096
7179,1096
7180,1096
1690,1097
7455,1097
7524,1097
1691,1098
1691,1099
1692,1100
1696,1100
1740,1100
4391,1100
4429,1100
4558,1100
4892,1100
5116,1100
1695,1101
1695,1102
2657,1102
1700,1103
1703,1104
1704,1105
5130,1105
1705,1106
1706,1107
1707,1108
4676,1108
1710,1109
7195,1109
1711,1110
6326,1110
1714,1111
1716,1112
1721,1113
1722,1114
3568,1114
1722,1115
3568,1115
1726,1116
2148,1116
5964,1116
7479,1116
7739,1116
8228,1116
8242,1116
8298,1116
1728,1117
3591,1117
1729,1118
4397,1118
1729,1119
4397,1119
1729,1120
1730,1121
1732,1122
1734,1123
1735,1124
1736,1125
4048,1125
1737,1126
1742,1127
1743,1128
1744,1129
1745,1130
8208,1130
1748,1131
1748,1132
1750,1133
1752,1134
1753,1134
1754,1135
1762,1136
1763,1137
2837,1137
1764,1138
8293,1138
1769,1139
1772,1140
1773,1141
1775,1142
1776,1143
1777,1144
2688,1144
3412,1144
1778,1145
1781,1146
4666,1146
1784,1147
1785,1148
1786,1149
1787,1150
1788,1151
1789,1152
1790,1153
1793,1154
4182,1154
6676,1154
1794,1155
1795,1156
1795,1157
1796,1158
1867,1158
2546,1158
6247,1158
6845,1158
7802,1158
1797,1159
1798,1160
1799,1161
1801,1162
5309,1162
1801,1163
5309,1163
1802,1164
1803,1165
6951,1165
1806,1166
4517,1166
5726,1166
1806,1167
1807,1168
1808,1169
2061,1169
4078,1169
4199,1169
1809,1170
1811,1171
6692,1171
8650,1171
1812,1172
1813,1173
1815,1174
3390,1174
1818,1175
1823,1175
1827,1175
1832,1175
1819,1176
1821,1176
1822,1176
1828,1176
1820,1177
1824,1178
1825,1179
1826,1180
1830,1181
2523,1181
1831,1182
1833,1183
1834,1184
1834,1185
1836,1186
7043,1186
1837,1187
1837,1188
1839,1189
1843,1190
7480,1190
1844,1191
1845,1192
1846,1193
7022,1193
7750,1193
8582,1193
1847,1194
1851,1195
1854,1196
1854,1197
1856,1198
1856,1199
1857,1200
1858,1201
1859,1202
1942,1202
4428,1202
1862,1203
1945,1203
6605,1203
6892,1203
8125,1203
1863,1204
1864,1205
1866,1206
1870,1207
1873,1208
1875,1209
1875,1210
1877,1211
1881,1212
1882,1213
1883,1214
1884,1215
1885,1216
7742,1216
7798,1216
1887,1217
6811,1217
7749,1217
8215,1217
1887,1218
1887,1219
5597,1219
1888,1220
1889,1221
1892,1222
1898,1223
2277,1223
3914,1223
4103,1223
1899,1224
1901,1225
5709,1225
1902,1226
1903,1227
2387,1227
4014,1227
1904,1228
1905,1229
1905,1230
1906,1231
1912,1232
1913,1233
8581,1233
1914,1234
1914,1235
1917,1236
1920,1237
1921,1238
2878,1238
1922,1239
1925,1240
6527,1240
1927,1241
1928,1242
1931,1243
1932,1244
1935,1245
1938,1245
1936,1246
1937,1247
3920,1247
1939,1248
4104,1248
1944,1249
2626,1249
4727,1249
4735,1249
5136,1249
8048,1249
1946,1250
1947,1251
4737,1251
5184,1251
6589,1251
7591,1251
7838,1251
1951,1252
1958,1253
6306,1253
8455,1253
1960,1254
1961,1255
1961,1256
1963,1257
1964,1258
1965,1259
1966,1259
1967,1259
1969,1259
1970,1259
1966,1260
1967,1260
1968,1261
1971,1262
1972,1263
4582,1263
1973,1264
1975,1265
4456,1265
1976,1266
1977,1267
1978,1268
1982,1269
1983,1270
1987,1270
1986,1271
1988,1272
1993,1273
1996,1274
2139,1274
2140,1274
6098,1274
1997,1275
1998,1276
1999,1277
2000,1278
2001,1279
3479,1279
4326,1279
2002,1280
2005,1281
2006,1282
2907,1282
2008,1283
2011,1284
2012,1285
2015,1286
2016,1287
2281,1287
7792,1287
2017,1288
2018,1289
2019,1289
7266,1289
7566,1289
7745,1289
2020,1290
2021,1291
2023,1292
2024,1293
7870,1293
2026,1294
2027,1295
2028,1296
2028,1297
2029,1298
2430,1298
2624,1298
2639,1298
2031,1299
2032,1300
2034,1301
2035,1302
2036,1303
5377,1303
2037,1304
2039,1305
2039,1306
2040,1307
2042,1308
6945,1308
2044,1309
2046,1310
2049,1311
6898,1311
2051,1312
2051,1313
2052,1314
2053,1315
6848,1315
2056,1316
2057,1317
2058,1318
2060,1319
2062,1320
5270,1320
6242,1320
6244,1320
2066,1321
2068,1322
2072,1323
2073,1324
2075,1325
2076,1326
2077,1327
2077,1328
2077,1329
2078,1330
2081,1331
2082,1332
2771,1332
2082,1333
2771,1333
2083,1334
2084,1335
3512,1335
3718,1335
4662,1335
7370,1335
7947,1335
2085,1336
2868,1336
7049,1336
2088,1337
2088,1338
2089,1339
2091,1340
2092,1341
2093,1342
2095,1343
2096,1344
2101,1345
8498,1345
2104,1346
2105,1347
2108,1348
2109,1349
2111,1350
2439,1350
2631,1350
6291,1350
6769,1350
2116,1351
2117,1352
2655,1352
2883,1352
6468,1352
8557,1352
2118,1353
2120,1354
2121,1355
3126,1355
8378,1355
2122,1356
2129,1357
2130,1358
2131,1359
2133,1360
2133,1361
2138,1362
7751,1362
2142,1363
2144,1364
2541,1364
2147,1365
2150,1366
2151,1367
2155,1368
2160,1369
2162,1370
2164,1371
2165,1372
3168,1372
2168,1373
3316,1373
3318,1373
3830,1373
2172,1374
2173,1375
2180,1376
2183,1377
2184,1378
2186,1379
2186,1380
2187,1381
2188,1382
2188,1383
2189,1384
2192,1385
2194,1386
2195,1387
2196,1388
2197,1389
2198,1390
2199,1391
2200,1392
2201,1393
4997,1393
2203,1394
2205,1395
2206,1396
2207,1397
2208,1398
2208,1399
2210,1400
2211,1401
2674,1401
5347,1401
7701,1401
2212,1402
2215,1403
2216,1404
2217,1405
2220,1406
2220,1407
2221,1408
4471,1408
5842,1408
5874,1408
5875,1408
2222,1409
2222,1410
2225,1411
2229,1412
2229,1413
2232,1414
3218,1414
7449,1414
2232,1415
2233,1416
3658,1416
2234,1417
2240,1418
2882,1418
2241,1419
2243,1420
2244,1421
2245,1422
2245,1423
2246,1424
2248,1425
2249,1426
2251,1427
2252,1428
2257,1429
2258,1430
2258,1431
8389,1431
2260,1432
5899,1432
2261,1433
8502,1433
2261,1434
2262,1435
4775,1435
8731,1435
2263,1436
2263,1437
2264,1438
2265,1439
2266,1440
2267,1441
2268,1442
2731,1442
2732,1442
2735,1442
3061,1442
4826,1442
2268,1443
3061,1443
3133,1443
3144,1443
3150,1443
4826,1443
2269,1444
6203,1444
2270,1445
3037,1445
2272,1446
2273,1447
4452,1447
5600,1447
7373,1447
2274,1448
2275,1449
4801,1449
2276,1450
2278,1451
2279,1452
2282,1453
4433,1453
2283,1454
2284,1455
2285,1456
2286,1457
4601,1457
4602,1457
6108,1457
7213,1457
2286,1458
4601,1458
4602,1458
6108,1458
7213,1458
2287,1459
7806,1459
2288,1460
2736,1460
4721,1460
2290,1461
4861,1461
6064,1461
2291,1462
2292,1463
2295,1464
2296,1465
2325,1465
2482,1465
2297,1466
2301,1467
3145,1467
2303,1468
2303,1469
2305,1470
2305,1471
2308,1472
6235,1472
2309,1473
5444,1473
2310,1474
2313,1474
6983,1474
2312,1475
7517,1475
2316,1476
2317,1477
2317,1478
2318,1479
6249,1479
2320,1480
2324,1481
2382,1481
3131,1481
2326,1482
2327,1483
2337,1483
2329,1484
2331,1485
6798,1485
2333,1486
2974,1486
2334,1487
2372,1487
2339,1488
2340,1489
2341,1489
2958,1489
2970,1489
7023,1489
7388,1489
2342,1490
5784,1490
2342,1491
5784,1491
2343,1492
2345,1493
2346,1494
2348,1495
2349,1496
2388,1496
7876,1496
2351,1497
2351,1498
2352,1499
2354,1500
2357,1501
2359,1502
2364,1503
6503,1503
7731,1503
2365,1504
2365,1505
2371,1506
2373,1507
2375,1508
2378,1509
4493,1509
2380,1510
2381,1511
2383,1512
2386,1513
2390,1514
2392,1515
2532,1515
2533,1515
2393,1516
7402,1516
2398,1517
5050,1517
5061,1517
5072,1517
2399,1518
2403,1519
5147,1519
2404,1520
2408,1521
2412,1522
2413,1523
2413,1524
2414,1525
2414,1526
2415,1527
2417,1528
2419,1529
2420,1530
2424,1531
2428,1532
2429,1533
2431,1534
2432,1535
2434,1536
2436,1536
2510,1536
6156,1536
2435,1537
2437,1538
2504,1538
8482,1538
2438,1539
3160,1539
6801,1539
7886,1539
8154,1539
8193,1539
2440,1540
2513,1540
7523,1540
8089,1540
2442,1541
2443,1542
2503,1542
2444,1543
2446,1544
2447,1545
2449,1546
2452,1547
2455,1548
2456,1549
2457,1550
6054,1550
2458,1551
3546,1551
2459,1552
2464,1553
2465,1553
2466,1554
4709,1554
2468,1555
2469,1556
4824,1556
2470,1557
2471,1558
2472,1559
2929,1559
2472,1560
2929,1560
2479,1561
7417,1561
2479,1562
3020,1562
2479,1563
2480,1564
4129,1564
2481,1565
2481,1566
5881,1566
2481,1567
5016,1567
5017,1567
5018,1567
5881,1567
2481,1568
5016,1568
5017,1568
5018,1568
5881,1568
2481,1569
5016,1569
5017,1569
5018,1569
5881,1569
2483,1570
2484,1571
2485,1572
2486,1573
2488,1574
2489,1575
2490,1575
2491,1576
2492,1577
2493,1578
2493,1579
2494,1580
2495,1581
4891,1581
2495,1582
5860,1582
2497,1583
2499,1584
2501,1585
2502,1586
2505,1587
2511,1587
2506,1588
2507,1588
6046,1588
8461,1588
2508,1589
2850,1589
3636,1589
3777,1589
3878,1589
4315,1589
4789,1589
4852,1589
5025,1589
5128,1589
5172,1589
5316,1589
5320,1589
5519,1589
5628,1589
5725,1589
2512,1590
4038,1590
2517,1591
2521,1592
2522,1593
2528,1594
2534,1595
2535,1596
3049,1596
2536,1597
2538,1598
2539,1599
2540,1600
2542,1601
2544,1602
4829,1602
2545,1603
4798,1603
2548,1604
2550,1605
2551,1606
2554,1607
2554,1608
5715,1608
2554,1609
2554,1610
2556,1611
2557,1612
2558,1613
2560,1614
3796,1614
2561,1615
2562,1616
3623,1616
2563,1617
2564,1618
2849,1618
3065,1618
3304,1618
2565,1619
7874,1619
2566,1620
2567,1621
2572,1622
3229,1622
5587,1622
2574,1623
2577,1624
2578,1625
2579,1626
2582,1627
2585,1628
2588,1629
4729,1629
7110,1629
2590,1630
4587,1630
2592,1631
2594,1632
2595,1632
2596,1632
2812,1632
2813,1632
2815,1632
2597,1633
7580,1633
2598,1634
2603,1635
3433,1635
2604,1636
2604,1637
2605,1638
2608,1639
2689,1639
3113,1639
3116,1639
3154,1639
3179,1639
3180,1639
2611,1640
2613,1641
2614,1642
6905,1642
6906,1642
2615,1643
2615,1644
6159,1644
2616,1645
2618,1646
2620,1647
2623,1648
2625,1649
2627,1650
2630,1651
2634,1652
7928,1652
8256,1652
2635,1653
2636,1654
2637,1655
2638,1656
2643,1657
2645,1658
2647,1659
2648,1659
2651,1660
2653,1661
2654,1662
3030,1662
2656,1663
2660,1664
3442,1664
3975,1664
4084,1664
4939,1664
4951,1664
5481,1664
5836,1664
2664,1665
2668,1666
2672,1667
2673,1668
2675,1669
2676,1670
2676,1671
2678,1672
4386,1672
6058,1672
2678,1673
4386,1673
6058,1673
2679,1674
4116,1674
7155,1674
2680,1675
3592,1675
5560,1675
2681,1676
4689,1676
2682,1677
2683,1678
2684,1679
2686,1680
2687,1681
2691,1682
2694,1683
2695,1684
2695,1685
2696,1686
3647,1686
3734,1686
4804,1686
4864,1686
5087,1686
5231,1686
5623,1686
5809,1686
5818,1686
5848,1686
5876,1686
5895,1686
5900,1686
5922,1686
2697,1687
2698,1688
2701,1689
2702,1690
7263,1690
2703,1691
3732,1691
2704,1692
2705,1693
2706,1694
2707,1695
8399,1695
2710,1696
6883,1696
8147,1696
2712,1697
2713,1698
2714,1699
2715,1700
2716,1701
8630,1701
2717,1702
2720,1703
2720,1704
2721,1705
3335,1705
2722,1706
2723,1707
2726,1707
5500,1707
2724,1708
2725,1709
4728,1709
2730,1710
2733,1711
2734,1712
4566,1712
2738,1713
6174,1713
7930,1713
2738,1714
2739,1715
6961,1715
7558,1715
2742,1716
2745,1717
2745,1718
2746,1719
2748,1720
4581,1720
2750,1721
2751,1722
2753,1723
2755,1724
2756,1725
2757,1726
2758,1727
2759,1728
2761,1729
2767,1730
2769,1731
2770,1732
2770,1733
2772,1734
2774,1735
2776,1736
4053,1736
2777,1737
2779,1738
2781,1739
2782,1740
6425,1740
2782,1741
6425,1741
2783,1742
2787,1743
2790,1744
2796,1745
2796,1746
2797,1747
2799,1748
2800,1749
2800,1750
2802,1751
2804,1752
5093,1752
2806,1753
2807,1754
2810,1755
2811,1756
2814,1757
8550,1757
2816,1758
2818,1759
2820,1760
2821,1761
2823,1762
5907,1762
2824,1763
2829,1764
2831,1765
2832,1766
2834,1767
2835,1768
2838,1769
4758,1769
2841,1770
2874,1770
2843,1771
2844,1772
2846,1772
2845,1773
2845,1774
2847,1775
2848,1776
2848,1777
2851,1778
2852,1779
2853,1780
2854,1781
2857,1782
2859,1783
6406,1783
6407,1783
2860,1784
2862,1785
2863,1786
2865,1787
2866,1788
2867,1789
5603,1789
2877,1790
4224,1790
2877,1791
2878,1792
2878,1793
2878,1794
2878,1795
2879,1796
2885,1797
2887,1798
2888,1799
2890,1800
2891,1801
2896,1802
2897,1803
2955,1803
2898,1804
5168,1804
2899,1805
2900,1806
2902,1807
2904,1808
5271,1808
2905,1809
2906,1810
2908,1811
2909,1812
2910,1813
2912,1814
2912,1815
2913,1816
2914,1817
2915,1818
2916,1819
2920,1820
2920,1821
2920,1822
2924,1823
2924,1824
2925,1825
2925,1826
2930,1827
2933,1828
2934,1829
2935,1830
2936,1831
2937,1832
2940,1833
7299,1833
8394,1833
2941,1834
2944,1835
2947,1836
2947,1837
2948,1838
2949,1839
2949,1840
2950,1841
3245,1841
8177,1841
2950,1842
3245,1842
8177,1842
2951,1843
2952,1844
2953,1845
2956,1846
2957,1847
2961,1848
2962,1849
2963,1850
5660,1850
2964,1851
3627,1851
2969,1852
5855,1852
7885,1852
2971,1853
2973,1854
2976,1855
2979,1856
3621,1856
3759,1856
4815,1856
5558,1856
5577,1856
5713,1856
6311,1856
7181,1856
2982,1857
2986,1858
2988,1859
7737,1859
2989,1860
2989,1861
2990,1862
2991,1863
2996,1864
3000,1865
3003,1866
3003,1867
3004,1868
3005,1869
3007,1870
3008,1871
3010,1872
6777,1872
3015,1873
3017,1874
3018,1875
3019,1876
3022,1877
8615,1877
3023,1878
3024,1879
5026,1879
3026,1880
3027,1881
3028,1882
3028,1883
3032,1884
3033,1885
8763,1885
3039,1886
3044,1887
3045,1888
7106,1888
8608,1888
3047,1889
3052,1890
3071,1890
3055,1891
3058,1892
3059,1892
3060,1892
3058,1893
3059,1894
3063,1895
3068,1896
6678,1896
3070,1897
3073,1898
3074,1899
3078,1900
3079,1901
3081,1902
4287,1902
6535,1902
3082,1903
3090,1904
3091,1905
3092,1906
3094,1907
3095,1908
3097,1909
3099,1910
3099,1911
3100,1912
6309,1912
6932,1912
3102,1913
3102,1914
3105,1915
3106,1916
5885,1916
3108,1917
4774,1917
3110,1918
3111,1919
3114,1920
3115,1921
3400,1921
3117,1922
6489,1922
3119,1923
3122,1924
3124,1925
3125,1926
3125,1927
3125,1928
3125,1929
3125,1930
3125,1931
3125,1932
3125,1933
3125,1934
3125,1935
3125,1936
3127,1937
3132,1938
3134,1938
3135,1938
3143,1938
3136,1939
3138,1940
3240,1940
3140,1941
3148,1941
3141,1942
3142,1943
3146,1944
4446,1944
4723,1944
3151,1945
6212,1945
6213,1945
3155,1946
3156,1947
3158,1948
3159,1949
3161,1950
3620,1950
4451,1950
5046,1950
5647,1950
5869,1950
5912,1950
5925,1950
3162,1951
3163,1952
7235,1952
3164,1953
3165,1954
4766,1954
3170,1955
3477,1955
5228,1955
6576,1955
6795,1955
7194,1955
8732,1955
3171,1956
3172,1957
3175,1958
3176,1959
6522,1959
3176,1960
3181,1961
4352,1961
7146,1961
3187,1962
3694,1962
3806,1962
3189,1963
3190,1964
3191,1965
3192,1966
3639,1966
4970,1966
3194,1967
4152,1967
4595,1967
3195,1968
3196,1969
7889,1969
3198,1970
3199,1971
3201,1972
3202,1973
3203,1974
6526,1974
3203,1975
3204,1976
3206,1977
3207,1978
4756,1978
8505,1978
3208,1979
3211,1980
3212,1981
3214,1982
3215,1983
3216,1984
3224,1985
3225,1986
3227,1987
3227,1988
3234,1989
3235,1990
3235,1991
3238,1992
3249,1993
3251,1994
3252,1995
3254,1996
3255,1997
3257,1998
4757,1998
3260,1999
3261,2000
3263,2001
5889,2001
7219,2001
3265,2002
3266,2003
7341,2003
3267,2004
3268,2005
3269,2006
4578,2006
3269,2007
3273,2008
3774,2008
3274,2009
3279,2010
3281,2011
3286,2012
3290,2013
4792,2013
5476,2013
5843,2013
3293,2014
3297,2015
3298,2016
3300,2017
3301,2018
3303,2019
3306,2020
5632,2020
8326,2020
3308,2021
3309,2022
3312,2023
3313,2024
3319,2025
3320,2026
3320,2027
3322,2028
3324,2029
3325,2030
3327,2031
3330,2032
3332,2033
8253,2033
3333,2034
3336,2035
3336,2036
3339,2037
3344,2038
3348,2039
5474,2039
8494,2039
3349,2040
3350,2041
3366,2041
3354,2042
3354,2043
3355,2044
3357,2045
3359,2046
3360,2047
3367,2048
3373,2049
6328,2049
7033,2049
3375,2050
3377,2051
3380,2052
5208,2052
3381,2053
3384,2054
3385,2055
3385,2056
3387,2057
3388,2058
3389,2059
7635,2059
3392,2060
3399,2061
3422,2061
3406,2062
3408,2063
3409,2064
3410,2065
4121,2065
6944,2065
7639,2065
7640,2065
8363,2065
3413,2066
3414,2067
3418,2068
3419,2069
4379,2069
3423,2070
3424,2071
3425,2072
3426,2073
3426,2074
3429,2075
3432,2076
3435,2077
3437,2078
3439,2079
3440,2080
3447,2081
3449,2082
3451,2083
3452,2084
3457,2085
4324,2085
3460,2086
3461,2087
3462,2088
3466,2089
3469,2090
3472,2091
3473,2092
3473,2093
3476,2094
3476,2095
3478,2096
3480,2097
3481,2097
3483,2098
3485,2099
3486,2100
3486,2101
3486,2102
3486,2103
3486,2104
3486,2105
3486,2106
3486,2107
3486,2108
3487,2109
3488,2110
3491,2111
3495,2112
8054,2112
3497,2113
3498,2114
3499,2115
3501,2116
5614,2116
3504,2117
3507,2118
3507,2119
3837,2119
3510,2120
3518,2121
8463,2121
3519,2122
3523,2123
3524,2124
3530,2125
5796,2125
5926,2125
3531,2126
3532,2127
3533,2128
3537,2129
3538,2130
6079,2130
3539,2131
3543,2131
3733,2131
3542,2132
3543,2133
3548,2134
3548,2135
3550,2136
5771,2136
3555,2137
3922,2137
3557,2138
3558,2139
3560,2140
4526,2140
5101,2140
5563,2140
3561,2141
3564,2142
3565,2143
3566,2144
3567,2145
3569,2146
3570,2146
3571,2146
3575,2147
3583,2148
7462,2148
3587,2149
3591,2150
3591,2151
3591,2152
3591,2153
3591,2154
3591,2155
3594,2156
3595,2157
3596,2158
3913,2158
4481,2158
5241,2158
7125,2158
8356,2158
3597,2159
3600,2160
3603,2161
3604,2162
3604,2163
3606,2164
3614,2165
3615,2165
3617,2166
3714,2166
3915,2166
3618,2167
5918,2167
6030,2167
3624,2168
3626,2169
3629,2170
3631,2171
3632,2172
3635,2173
3638,2174
3640,2175
3644,2176
3644,2177
5936,2177
3646,2178
4223,2178
4249,2178
5109,2178
5135,2178
5326,2178
5327,2178
5379,2178
5380,2178
5526,2178
5819,2178
7057,2178
3647,2179
6580,2179
3648,2180
7673,2180
7677,2180
3649,2181
3650,2182
6963,2182
3650,2183
3651,2184
3653,2185
3654,2186
5714,2186
3659,2187
7944,2187
3662,2188
3663,2189
5370,2189
3669,2190
4626,2190
5540,2190
3671,2191
3676,2192
3677,2193
3679,2194
3680,2195
6959,2195
3682,2196
3682,2197
3682,2198
3698,2199
3810,2199
3811,2199
3812,2199
3699,2200
3700,2201
3702,2202
3704,2203
3707,2204
3715,2205
3716,2206
3718,2207
3719,2208
3720,2209
3720,2210
3720,2211
3721,2212
3729,2212
3729,2213
3730,2214
3730,2215
3731,2216
3735,2217
3736,2218
3739,2219
3739,2220
3740,2221
6734,2221
3741,2222
3744,2223
3754,2224
4971,2224
3757,2225
3758,2226
3949,2226
4195,2226
4196,2226
4375,2226
4625,2226
3762,2227
8195,2227
3764,2228
3765,2229
3767,2230
3768,2231
3769,2232
3773,2233
3776,2234
3778,2235
3778,2236
3782,2237
3784,2238
3787,2239
3791,2240
4562,2240
4733,2240
7463,2240
3792,2241
3794,2242
3798,2243
3801,2244
3803,2245
3803,2246
5614,2246
7006,2246
3804,2247
3809,2248
3814,2249
3815,2250
3816,2251
4005,2251
3817,2252
3819,2253
3820,2254
3821,2255
3823,2256
3826,2257
6181,2257
8346,2257
3829,2258
3831,2259
3833,2260
3834,2261
3835,2262
3843,2263
3858,2264
3858,2265
3859,2266
3860,2267
3861,2268
3863,2269
3866,2270
3867,2271
3869,2272
3872,2273
3873,2274
3874,2275
3875,2276
3876,2277
7998,2277
3886,2278
3891,2279
3892,2280
4323,2280
3895,2281
3896,2282
3897,2283
3900,2284
3904,2285
3905,2286
3906,2287
3907,2288
4836,2288
3908,2289
3909,2290
3912,2291
5838,2291
3916,2292
3917,2293
3918,2294
4359,2294
8157,2294
3919,2295
3923,2296
3924,2296
6548,2296
3927,2297
3929,2298
3929,2299
3929,2300
3929,2301
3931,2302
3936,2303
3946,2304
3949,2305
6017,2305
3951,2306
3952,2307
3955,2308
3956,2309
3958,2310
3960,2311
3961,2312
3963,2313
5967,2313
3964,2314
3967,2315
7950,2315
8313,2315
3968,2316
3973,2317
3976,2318
3978,2319
8078,2319
3979,2320
3979,2321
3984,2322
3991,2323
4039,2323
4070,2323
6856,2323
7544,2323
8445,2323
3992,2324
4020,2324
3994,2325
4018,2325
3998,2326
3998,2327
4000,2328
5583,2328
4001,2329
4003,2330
4004,2331
4006,2332
4009,2333
4012,2334
4019,2335
4040,2335
4079,2335
4025,2336
6047,2336
4026,2337
5205,2337
4032,2338
5189,2338
4032,2339
4034,2340
7913,2340
4035,2341
4037,2342
4042,2343
4046,2344
7027,2344
4049,2345
4050,2346
4682,2346
4051,2347
4052,2348
4054,2349
4059,2350
4060,2351
4061,2352
4063,2353
4065,2354
4065,2355
4067,2356
4068,2357
4073,2358
6375,2358
4081,2359
4082,2360
4083,2361
5596,2361
4086,2362
4087,2363
5680,2363
5688,2363
4088,2364
4089,2365
7338,2365
4092,2366
4093,2367
4094,2368
4095,2369
4096,2370
5755,2370
4097,2371
4098,2372
4099,2373
4100,2374
4101,2375
5178,2375
4102,2376
4105,2377
4107,2378
4109,2379
4681,2379
4111,2380
4111,2381
4113,2382
4114,2383
4118,2384
4122,2385
4124,2386
4125,2387
4134,2388
4135,2389
4136,2390
4136,2391
4136,2392
4136,2393
4139,2394
4140,2395
5762,2395
4147,2396
7586,2396
4148,2397
4151,2398
4153,2399
4155,2400
4156,2401
8344,2401
4157,2402
4158,2403
4159,2404
4161,2405
4162,2406
4165,2407
4469,2407
4166,2408
4166,2409
4170,2410
5311,2410
5315,2410
4174,2411
4174,2412
4175,2413
4178,2414
4181,2415
4186,2416
4187,2417
4191,2418
4192,2419
4193,2420
4194,2421
4198,2422
4204,2423
4205,2424
4206,2425
4209,2426
4770,2426
5078,2426
4209,2427
4770,2427
5078,2427
5477,2427
4210,2428
7737,2428
4211,2429
4212,2430
4213,2431
4214,2432
4215,2433
4218,2434
6744,2434
8229,2434
8357,2434
4218,2435
4553,2435
4220,2436
4222,2437
4225,2438
4226,2439
4229,2440
4230,2440
6050,2440
4232,2441
4233,2441
4234,2442
4234,2443
4235,2444
4237,2445
4238,2446
4239,2446
4240,2446
4244,2447
5749,2447
5750,2447
4245,2448
4247,2449
4248,2449
4300,2449
4302,2449
7655,2449
7658,2449
4250,2450
4253,2451
4256,2452
4259,2453
4607,2453
4260,2454
4263,2455
8044,2455
4268,2456
4269,2457
4276,2458
4278,2459
4279,2460
4281,2461
4282,2462
4283,2463
4284,2464
4285,2465
4855,2465
4286,2466
4288,2467
6670,2467
4290,2468
4290,2469
4292,2470
6135,2470
4293,2471
4294,2472
4295,2473
4296,2474
4298,2475
4303,2476
4304,2477
4307,2478
8051,2478
8769,2478
4314,2479
4314,2480
4316,2481
4318,2482
4319,2483
4320,2484
4322,2485
4325,2486
4802,2486
4329,2487
4330,2488
4344,2488
7864,2488
4331,2489
4332,2490
4333,2491
4334,2492
4338,2492
4339,2492
7154,2492
7304,2492
7358,2492
8204,2492
8585,2492
4335,2493
4336,2494
4337,2495
4340,2496
4585,2496
4342,2497
4342,2498
4343,2499
4346,2500
4347,2501
4349,2502
4350,2503
4355,2504
4355,2505
4356,2506
4358,2507
4361,2508
4362,2509
4365,2510
4365,2511
4370,2512
4371,2513
4374,2514
4874,2514
5200,2514
5737,2514
7487,2514
7908,2514
4376,2515
8025,2515
4378,2516
5595,2516
4383,2517
4384,2518
4389,2519
4392,2520
4796,2520
7119,2520
4393,2521
4501,2521
5443,2521
4394,2522
4395,2523
4395,2524
4396,2525
4398,2526
4399,2527
5756,2527
4402,2528
4403,2529
4405,2530
6957,2530
8085,2530
4412,2531
4415,2532
4417,2533
4418,2534
4419,2535
4420,2536
5897,2536
5997,2536
4421,2537
4422,2538
4439,2538
4454,2538
4423,2539
4424,2539
6036,2539
4425,2540
4426,2541
4430,2542
4432,2543
4434,2544
4435,2545
4436,2546
4438,2547
4568,2547
4586,2547
4440,2548
4442,2549
4722,2549
6404,2549
7116,2549
8612,2549
4443,2550
4444,2551
4445,2552
8772,2552
4447,2553
4608,2553
4448,2554
4449,2555
7713,2555
4453,2556
4457,2557
4459,2558
4460,2559
4461,2560
4786,2560
4463,2561
4464,2562
4468,2563
4472,2564
4473,2565
4474,2566
4476,2567
4478,2568
4482,2569
5335,2569
5336,2569
5337,2569
5338,2569
5339,2569
5340,2569
4487,2570
4487,2571
4494,2572
4497,2573
4500,2574
4503,2575
4593,2575
4506,2576
4507,2577
4510,2578
4511,2579
7446,2579
4513,2580
4514,2581
4515,2582
4516,2583
6021,2583
4525,2584
7516,2584
4525,2585
4527,2586
4529,2587
4533,2588
4534,2589
4538,2590
4539,2591
4541,2592
4545,2592
4541,2593
4542,2594
5746,2594
4544,2595
4546,2595
4548,2596
4548,2597
4555,2597
4549,2598
4549,2599
4556,2600
4557,2601
4560,2602
4612,2602
4561,2603
4564,2604
4565,2605
4567,2606
4569,2607
4570,2608
4573,2609
4577,2609
7937,2609
7938,2609
4575,2610
4576,2611
4720,2611
4726,2611
4738,2611
5470,2611
4579,2612
4580,2613
4793,2613
4957,2613
4583,2614
4584,2615
4588,2616
4589,2617
4590,2618
4591,2618
5774,2618
7542,2618
7543,2618
4592,2619
4594,2620
4596,2621
4597,2622
4598,2623
4599,2624
4600,2625
4603,2626
4604,2627
4606,2628
4610,2629
4613,2630
4614,2631
4615,2632
4616,2633
4617,2634
4618,2635
4619,2636
4620,2637
6343,2637
6897,2637
7528,2637
4621,2638
7581,2638
4626,2639
4627,2640
4631,2641
5522,2641
4631,2642
4642,2643
4643,2644
4647,2645
4650,2646
6051,2646
4654,2647
4657,2648
4657,2649
4658,2650
4660,2651
4665,2652
4667,2653
5711,2653
5834,2653
5838,2653
4668,2654
7036,2654
7533,2654
4669,2655
4670,2656
4672,2657
4680,2658
6104,2658
4684,2659
4685,2660
4686,2661
4687,2662
4966,2662
4967,2662
5019,2662
5020,2662
4688,2663
4692,2664
4693,2665
4694,2666
4695,2667
4698,2668
4699,2669
5283,2669
4700,2670
4702,2671
4706,2672
6634,2672
6793,2672
7482,2672
4707,2673
4713,2674
4714,2675
4715,2676
4716,2677
4716,2678
4716,2679
4719,2680
4721,2681
5421,2681
4724,2682
4725,2683
4730,2684
4734,2685
4736,2686
4740,2687
4740,2688
4741,2689
4746,2690
4747,2690
4749,2691
4750,2692
4782,2692
4809,2692
4850,2692
4867,2692
4941,2692
4963,2692
5002,2692
5003,2692
5063,2692
5067,2692
5077,2692
5177,2692
5343,2692
5496,2692
5615,2692
5679,2692
5840,2692
5873,2692
4750,2693
4782,2693
4809,2693
4850,2693
4867,2693
4941,2693
4963,2693
5002,2693
5003,2693
5063,2693
5067,2693
5077,2693
5177,2693
5225,2693
5343,2693
5496,2693
5615,2693
5679,2693
5712,2693
5840,2693
5873,2693
4752,2694
4754,2695
4761,2696
4776,2697
4780,2698
4783,2699
4784,2700
4785,2701
4787,2702
4788,2702
4790,2703
4791,2704
4794,2705
4797,2706
4800,2707
4802,2708
4803,2709
5619,2709
4806,2710
4807,2711
4811,2712
4813,2713
4817,2714
4818,2715
4820,2716
4823,2717
4824,2718
4827,2719
4828,2720
4828,2721
4830,2722
4831,2723
4834,2724
4835,2725
6558,2725
4840,2726
4841,2727
4844,2728
4848,2729
4851,2730
4859,2731
4860,2732
4862,2733
4865,2734
4865,2735
4868,2736
4868,2737
4871,2738
5214,2738
5785,2738
4872,2739
4873,2740
4876,2741
6876,2741
4877,2742
4878,2743
4878,2744
4879,2745
4881,2746
4882,2747
4883,2748
4885,2749
4886,2750
4887,2751
4888,2752
4888,2753
4889,2754
4890,2755
4894,2756
4898,2757
4898,2758
4902,2759
4903,2760
4905,2761
4906,2762
4907,2763
4908,2764
4910,2765
4913,2766
4916,2767
4917,2768
4917,2769
4918,2770
4918,2771
4918,2772
4919,2773
8614,2773
4920,2774
7817,2774
4921,2775
4923,2776
8295,2776
4923,2777
4924,2778
4929,2779
4930,2780
4932,2781
4933,2782
5118,2782
4935,2783
4936,2784
4937,2785
4938,2786
4940,2787
4944,2788
4945,2789
4946,2790
4948,2791
4953,2792
4955,2792
5618,2792
8162,2792
4954,2793
4956,2794
4959,2795
4960,2796
4961,2797
4964,2798
4969,2799
4972,2800
4973,2801
4975,2802
4976,2803
4978,2804
4980,2805
6105,2805
4982,2806
4983,2807
4984,2808
4987,2809
4988,2810
4990,2811
4991,2812
4992,2813
4994,2814
4996,2815
4997,2816
5000,2817
5274,2817
5004,2818
5007,2819
5012,2820
5013,2821
5014,2822
5021,2823
5023,2824
5029,2825
7507,2825
5032,2826
5034,2827
5035,2828
5038,2829
5041,2830
5042,2831
5042,2832
5043,2833
5044,2834
5045,2835
6884,2835
5048,2836
5051,2837
5052,2838
5055,2839
5797,2839
5056,2840
5057,2841
5059,2842
5059,2843
5060,2844
5065,2845
5068,2846
5425,2846
5069,2847
5069,2848
5073,2849
7307,2849
7696,2849
5074,2850
5074,2851
5075,2852
5080,2853
5132,2853
5310,2853
5080,2854
5131,2854
5132,2854
5305,2854
5310,2854
5409,2854
5448,2854
5463,2854
5081,2855
5291,2855
5297,2855
5482,2855
5486,2855
5082,2856
5084,2857
5085,2858
5086,2859
5089,2860
5094,2861
5095,2862
6325,2862
5097,2863
5102,2864
5103,2865
5105,2866
5108,2867
5111,2868
5904,2868
5112,2869
6979,2869
5115,2870
5116,2871
5117,2872
5123,2873
5124,2874
5125,2875
5133,2876
5134,2877
5137,2878
5138,2879
5138,2880
5143,2881
5144,2882
5144,2883
5145,2884
5149,2885
5149,2886
5152,2887
5153,2888
5154,2889
5159,2890
5161,2891
5163,2892
7076,2892
5173,2893
5175,2894
5180,2895
5182,2896
5183,2897
5185,2898
5187,2899
5188,2900
5189,2901
5190,2902
5191,2903
5197,2904
5198,2905
8548,2905
5199,2906
5202,2907
7516,2907
5203,2908
5210,2909
5734,2909
5210,2910
5734,2910
5212,2911
5213,2912
5218,2913
5219,2914
5221,2915
8333,2915
5223,2916
5224,2917
5226,2918
5229,2919
5230,2920
5234,2921
5235,2922
5236,2923
5239,2924
5240,2925
5242,2926
6238,2926
5249,2927
5250,2928
5250,2929
5254,2930
5256,2931
5257,2932
5261,2933
5262,2934
5265,2935
8609,2935
5266,2936
5773,2936
5267,2937
5268,2938
5269,2939
5272,2940
5278,2941
5280,2942
5280,2943
5282,2944
5293,2945
5294,2945
5748,2945
5295,2946
5301,2947
5303,2948
8639,2948
5304,2949
5307,2950
5308,2951
5308,2952
5311,2953
5315,2953
5312,2954
5313,2955
5314,2956
6483,2956
7746,2956
5317,2957
6985,2957
5318,2958
5319,2959
5323,2960
7252,2960
5323,2961
7252,2961
5324,2962
5330,2963
5331,2964
5333,2965
5341,2966
5342,2967
5344,2968
5345,2969
5352,2970
5354,2971
5358,2972
5359,2973
5362,2974
5365,2975
5368,2976
5369,2977
5371,2978
5372,2979
5373,2980
5374,2981
5376,2982
5378,2983
5382,2984
5386,2985
5388,2986
5389,2987
5392,2988
5401,2988
5462,2988
5395,2989
5397,2990
5399,2991
5403,2992
5412,2993
5417,2994
5914,2994
5419,2995
5420,2996
5424,2997
5424,2998
5427,2999
5428,3000
5898,3000
5428,3001
5898,3001
5429,3002
7376,3002
5430,3003
5431,3004
5432,3005
5451,3005
5433,3006
5436,3007
5441,3008
5442,3009
5443,3010
5447,3011
5449,3012
5452,3012
5467,3012
5504,3012
5450,3013
5453,3014
5454,3015
5455,3016
5456,3017
5461,3017
6518,3017
5457,3018
5464,3019
5472,3020
5473,3021
5475,3022
5479,3023
5479,3024
5483,3025
6611,3025
7248,3025
7689,3025
5484,3026
5485,3027
5487,3028
5490,3029
5490,3030
5490,3031
5491,3032
5492,3033
5493,3034
5494,3035
5497,3036
5498,3037
5499,3038
5501,3039
5502,3040
5505,3041
6815,3041
5506,3042
5507,3043
5508,3044
5508,3045
5509,3046
5513,3047
5516,3048
5517,3049
5518,3050
5518,3051
5522,3052
5911,3052
5522,3053
5911,3053
5523,3054
5525,3055
5530,3056
5532,3057
5533,3058
5534,3059
5847,3059
5535,3060
7990,3060
5537,3061
5537,3062
5541,3063
5542,3064
5795,3064
5814,3064
5544,3065
5545,3066
5546,3067
5547,3068
5548,3069
5549,3070
5550,3071
5551,3072
5552,3073
5553,3074
5555,3075
5556,3076
5557,3077
8444,3077
5561,3078
5562,3079
5565,3080
5566,3081
5569,3082
5571,3083
5572,3084
8146,3084
5573,3085
8660,3085
5574,3086
5574,3087
5575,3088
5578,3089
5580,3090
5585,3091
5587,3092
6633,3092
5589,3093
5590,3094
5591,3095
5598,3096
5601,3097
5603,3098
5605,3099
5606,3100
5607,3101
5608,3102
5611,3103
5849,3103
8366,3103
5613,3104
5613,3105
5616,3106
5620,3107
5621,3108
5622,3109
5624,3110
5625,3111
5626,3112
5627,3113
5629,3114
5630,3115
5631,3116
5633,3117
5634,3118
5635,3119
5636,3120
5637,3121
5638,3122
8280,3122
5639,3123
5640,3124
5642,3125
5643,3126
5644,3127
5645,3128
5646,3129
5866,3129
5648,3130
5649,3131
5653,3132
5657,3133
5658,3134
5658,3135
5662,3136
5664,3137
5665,3138
5667,3139
5675,3140
5677,3141
5682,3142
5929,3142
5683,3143
5686,3144
5689,3145
5690,3146
5692,3147
5694,3148
5695,3149
5696,3150
5697,3151
5698,3152
5699,3153
5702,3154
5703,3155
5705,3156
5706,3157
5707,3158
5710,3159
5712,3160
5713,3161
5718,3162
5719,3163
5722,3164
5726,3165
5727,3166
5735,3167
5736,3168
5738,3169
8213,3169
5739,3170
5933,3170
7324,3170
7812,3170
5740,3171
5741,3172
5743,3173
5744,3174
5747,3175
5751,3176
5757,3177
7736,3177
7818,3177
5759,3178
7910,3178
5761,3179
5765,3180
5766,3181
5768,3182
5775,3183
5777,3184
5779,3185
5780,3186
5780,3187
5781,3188
5783,3189
6962,3189
5783,3190
5793,3191
5798,3192
5810,3193
5811,3194
5816,3195
5821,3195
5820,3196
5822,3197
5825,3198
5827,3199
5829,3200
5831,3201
5833,3202
5838,3203
5838,3204
7365,3204
7922,3204
5838,3205
5838,3206
5838,3207
8689,3207
5838,3208
5838,3209
5838,3210
5838,3211
5841,3212
5850,3213
5852,3214
5852,3215
5858,3216
5859,3217
5861,3218
5861,3219
5862,3220
5865,3221
5877,3222
5879,3223
5880,3224
6498,3224
8555,3224
5884,3225
5887,3226
5888,3227
5888,3228
5888,3229
5888,3230
5888,3231
5888,3232
6355,3232
5888,3233
5888,3234
5888,3235
5888,3236
7165,3236
7670,3236
5888,3237
5888,3238
5890,3239
5891,3240
5892,3241
5893,3242
5893,3243
5894,3244
5902,3245
5902,3246
5905,3247
5906,3248
5908,3249
5913,3250
5916,3251
5917,3252
5927,3253
5928,3254
5930,3255
6472,3255
5930,3256
5931,3257
5931,3258
6273,3258
5935,3259
5937,3260
5938,3261
5939,3262
5939,3263
5942,3264
5943,3265
5944,3266
5945,3267
5946,3268
5947,3269
5948,3270
5949,3271
5950,3272
5951,3273
5952,3274
5953,3275
5954,3276
5954,3277
5955,3278
5956,3279
8043,3279
5957,3280
5958,3281
5959,3282
5961,3283
5962,3284
5969,3285
5970,3286
5971,3287
6077,3287
5972,3288
5972,3289
5973,3290
5974,3291
5976,3292
5978,3293
8368,3293
8766,3293
5980,3294
5981,3295
5984,3296
5986,3297
5988,3298
5989,3299
8385,3299
5991,3300
5992,3301
5992,3302
5993,3303
5994,3304
5995,3305
5996,3306
5999,3307
6000,3308
6001,3309
6028,3309
6001,3310
6028,3310
6003,3311
6004,3312
6005,3313
6006,3314
6007,3315
6009,3316
6010,3317
6011,3318
6012,3319
7107,3319
6013,3320
8805,3320
6014,3321
6015,3322
6995,3322
6016,3323
6018,3324
6020,3325
6121,3325
6022,3326
8314,3326
6023,3327
6024,3328
6025,3329
6026,3330
6026,3331
6029,3332
7920,3332
6031,3333
6032,3334
7333,3334
6033,3335
6034,3336
6035,3337
6037,3338
6039,3339
6041,3340
6042,3341
6043,3342
6044,3343
7793,3343
6048,3344
6048,3345
6052,3346
6053,3347
6055,3348
6056,3349
6057,3350
6714,3350
6059,3351
6060,3352
6061,3353
6063,3354
6272,3354
6910,3354
6065,3355
6770,3355
6069,3356
6070,3357
6072,3358
6073,3359
7175,3359
8640,3359
6076,3360
6080,3361
6081,3362
6582,3362
6083,3363
6084,3364
6085,3365
6086,3366
6087,3367
6087,3368
6089,3369
6091,3370
6628,3370
6629,3370
6630,3370
7379,3370
6092,3371
6093,3372
6094,3373
6096,3374
6097,3375
6099,3376
7592,3376
6100,3377
6107,3378
6110,3379
6111,3380
6113,3381
6115,3382
6116,3383
6117,3384
6152,3384
6117,3385
6117,3386
6118,3387
6119,3388
6120,3389
6122,3390
6123,3391
6124,3392
6610,3392
7582,3392
8768,3392
6125,3393
6126,3393
6128,3394
6129,3395
6130,3396
6131,3397
6132,3398
6134,3399
6136,3400
7866,3400
6137,3401
6139,3402
7648,3402
8757,3402
6140,3403
6141,3404
6142,3405
6143,3406
6144,3407
6145,3408
6146,3409
6149,3410
6150,3411
7982,3411
6151,3412
6153,3413
6153,3414
6221,3414
8532,3414
6154,3415
6155,3415
6158,3416
6159,3417
7105,3417
7535,3417
6160,3418
6161,3419
6163,3420
6164,3421
6166,3422
6169,3423
6170,3424
6171,3425
6173,3426
6176,3427
6177,3428
8392,3428
6179,3429
6179,3430
6180,3431
6180,3432
6182,3433
6182,3434
6183,3435
6184,3436
6270,3436
6185,3437
8318,3437
6186,3438
6187,3439
6189,3440
6190,3441
6191,3442
6192,3443
6193,3444
6194,3445
7047,3445
6196,3446
6196,3447
6197,3448
6197,3449
6198,3450
6200,3451
6201,3452
6201,3453
6202,3454
6204,3455
6205,3456
6206,3457
6207,3458
6208,3459
6209,3460
6210,3461
6211,3462
6215,3463
6216,3464
6218,3465
6603,3465
6669,3465
6218,3466
6603,3466
6669,3466
6219,3467
6222,3468
6223,3468
6224,3469
6226,3470
6227,3471
6227,3472
6228,3473
6230,3474
6231,3475
6232,3476
6233,3477
6234,3478
6236,3479
6237,3480
6239,3481
7289,3481
6239,3482
6244,3482
6240,3483
7491,3483
7493,3483
7496,3483
7498,3483
7499,3483
6241,3484
6243,3484
6244,3484
6245,3485
6246,3486
6904,3486
6252,3487
6255,3488
6486,3488
6865,3488
7189,3488
6256,3489
6257,3490
6258,3491
6260,3492
6260,3493
6261,3494
6267,3495
6268,3496
6269,3497
6269,3498
6271,3499
6274,3500
6275,3501
6278,3502
6279,3503
6281,3504
6283,3505
6284,3506
6285,3506
6782,3506
6288,3507
6289,3508
6290,3509
7825,3509
6293,3510
6294,3511
6301,3512
6303,3513
6307,3514
6308,3515
6310,3516
7245,3516
6312,3517
8618,3517
6313,3518
6313,3519
6314,3520
6315,3521
7743,3521
7939,3521
6315,3522
6315,3523
6315,3524
6316,3525
6317,3526
6318,3527
6320,3528
6321,3529
6322,3530
6327,3531
6329,3532
6330,3533
6331,3534
7196,3534
6332,3535
6333,3536
6334,3537
6335,3538
6337,3539
6338,3540
6594,3540
6339,3541
6340,3542
6341,3543
6345,3544
8459,3544
6347,3545
7714,3545
6349,3546
6350,3547
6351,3548
7828,3548
7933,3548
6352,3549
6352,3550
6353,3551
6354,3552
6354,3553
6355,3554
6356,3555
6357,3556
6359,3557
6360,3558
6363,3559
6363,3560
6364,3561
6366,3562
6367,3563
6368,3564
6735,3564
7906,3564
8705,3564
6370,3565
6372,3566
6373,3567
6376,3568
6377,3569
8083,3569
6378,3570
6381,3571
6383,3572
6384,3572
6385,3572
6387,3573
6388,3574
6389,3575
6391,3576
6392,3577
6393,3578
6395,3579
6395,3580
6396,3581
7753,3581
6397,3582
6398,3583
6401,3584
6403,3585
6409,3586
6410,3587
6411,3588
6413,3589
6415,3590
6415,3591
6416,3592
6418,3593
6419,3594
6420,3595
6422,3596
8556,3596
6423,3597
6424,3598
6624,3598
6426,3599
6429,3600
6430,3600
6453,3600
6637,3600
7545,3600
7795,3600
6432,3601
6435,3602
6435,3603
6436,3604
6437,3605
6438,3606
6439,3607
6440,3608
6442,3609
6443,3610
6444,3611
6445,3612
6446,3613
6449,3614
6449,3615
6453,3616
6454,3617
6455,3618
6462,3619
6463,3619
6464,3619
6466,3620
6467,3621
6469,3622
6471,3623
6473,3624
6474,3625
6475,3626
7854,3626
8237,3626
6476,3627
6477,3628
6479,3629
6480,3630
6482,3631
7810,3631
8102,3631
6485,3632
6489,3633
6490,3634
8671,3634
6492,3635
6493,3636
6494,3637
6736,3637
6794,3637
7794,3637
6495,3638
6497,3639
6500,3640
6501,3641
6502,3642
7152,3642
8415,3642
8416,3642
8417,3642
6502,3643
7152,3643
8415,3643
8416,3643
8417,3643
6502,3644
6504,3645
6511,3646
6513,3647
6516,3648
6517,3649
6519,3650
6524,3651
6526,3652
6528,3653
6529,3654
6532,3655
6534,3656
6536,3657
6537,3658
6538,3659
6540,3660
6540,3661
6542,3662
6544,3663
6545,3664
6546,3665
6547,3666
6549,3667
6551,3668
7453,3668
7516,3668
7717,3668
6552,3669
6553,3670
6554,3671
6555,3672
6556,3673
6559,3674
6562,3675
6565,3676
6566,3677
6568,3678
6570,3679
6571,3680
6574,3681
6575,3682
6575,3683
6576,3684
6577,3685
6578,3686
6579,3687
6581,3688
6583,3689
6584,3690
6585,3691
6586,3692
6590,3693
7176,3693
7177,3693
8418,3693
8550,3693
6590,3694
6591,3695
6592,3696
6593,3697
6595,3698
6596,3699
6597,3700
7651,3700
7850,3700
6598,3701
6841,3701
6599,3702
6600,3703
6601,3704
6606,3705
6607,3706
6609,3707
6615,3708
7285,3708
7411,3708
7861,3708
6616,3709
6617,3710
6620,3711
6621,3712
6622,3713
6623,3714
6625,3715
6625,3716
6625,3717
6625,3718
6625,3719
6625,3720
6625,3721
6625,3722
6625,3723
6625,3724
6627,3725
6631,3726
6632,3727
6638,3728
6639,3729
6640,3730
6641,3731
6641,3732
6642,3733
8355,3733
8767,3733
6643,3734
6644,3735
6645,3736
6648,3737
7564,3737
8708,3737
6649,3738
6650,3739
6654,3740
6655,3741
6657,3742
6658,3743
6662,3744
6663,3745
7733,3745
6666,3746
6667,3747
6668,3748
6671,3749
8454,3749
6680,3750
7002,3750
6681,3751
6682,3752
6683,3753
6684,3754
6685,3754
6684,3755
6685,3755
6686,3756
6687,3757
6688,3758
6689,3759
6853,3759
8281,3759
8375,3759
8473,3759
8726,3759
6690,3760
6693,3761
6695,3762
6699,3763
6700,3764
6701,3765
6702,3766
6704,3767
6705,3768
6707,3769
6709,3770
6713,3771
6717,3772
6719,3773
6720,3774
6721,3775
6721,3776
6721,3777
6721,3778
6722,3779
6724,3780
6730,3781
6731,3782
6737,3783
6737,3784
6739,3785
6740,3786
7923,3786
6741,3787
6743,3788
6747,3789
8250,3789
6748,3790
6749,3791
6750,3792
6752,3793
6754,3794
6756,3794
6755,3795
7999,3795
8299,3795
6757,3796
7915,3796
6758,3797
6759,3798
6761,3799
6762,3800
6763,3801
6765,3802
6766,3803
8143,3803
8304,3803
6768,3804
6772,3805
6772,3806
6773,3807
6776,3808
6778,3809
6778,3810
6779,3811
6780,3812
6781,3813
6784,3814
6784,3815
6785,3816
6788,3817
6790,3818
6791,3819
6797,3820
6800,3821
6802,3822
6802,3823
6803,3824
6805,3825
6806,3826
6810,3827
8480,3827
6816,3828
6817,3829
6818,3830
6819,3831
6820,3832
6822,3833
6830,3834
8726,3834
6831,3835
6832,3836
6833,3837
6838,3838
6839,3839
6840,3840
6844,3841
6846,3842
6847,3843
6849,3843
6851,3843
6852,3844
6854,3845
6854,3846
6855,3847
6857,3848
6859,3849
6862,3849
6860,3850
6860,3851
6861,3852
6863,3853
6864,3854
6866,3855
6868,3856
6870,3857
6873,3858
6874,3859
6875,3860
6877,3861
6878,3862
6880,3863
6882,3864
6885,3865
7756,3865
6887,3866
6888,3867
6893,3868
6899,3869
6900,3870
6901,3871
6903,3872
6909,3873
6983,3873
6911,3874
6911,3875
6911,3876
6911,3877
6911,3878
6911,3879
6911,3880
6911,3881
6911,3882
6911,3883
6911,3884
6912,3885
6913,3886
7170,3886
6914,3887
6915,3888
6916,3889
6919,3890
6921,3891
6921,3892
6922,3893
6925,3894
6925,3895
6926,3896
6928,3897
6928,3898
6929,3899
6930,3900
6933,3901
6934,3902
7300,3902
6935,3903
6935,3904
6939,3905
6940,3906
6941,3907
6943,3908
6946,3909
6947,3910
6948,3911
6949,3912
6950,3913
6953,3914
6955,3915
6955,3916
6960,3917
6965,3918
8018,3918
6967,3919
6968,3920
6969,3921
7593,3921
6973,3922
6974,3923
6976,3924
6980,3925
6981,3926
6984,3927
6985,3928
7685,3928
6985,3929
6985,3930
6985,3931
6985,3932
6985,3933
6986,3934
6987,3935
6988,3935
8347,3935
6989,3936
6990,3937
6991,3938
6992,3938
6993,3939
6994,3940
6996,3941
7000,3942
7001,3943
7003,3944
7004,3945
7005,3946
7008,3947
7123,3947
7009,3948
7010,3949
8303,3949
7011,3950
7012,3951
7013,3952
7015,3953
7016,3954
7019,3955
7020,3956
7021,3957
7022,3958
7024,3959
7026,3960
7028,3961
8167,3961
7031,3962
7032,3962
7035,3963
7037,3964
8734,3964
7037,3965
7038,3966
7039,3967
7041,3968
7042,3969
7044,3970
7045,3971
7046,3972
7048,3973
7050,3974
7052,3975
7053,3976
7054,3977
7429,3977
7056,3978
7058,3979
7059,3980
7061,3981
7063,3982
7064,3983
7065,3984
7066,3985
7067,3986
7068,3987
8361,3987
7069,3988
7075,3989
7077,3990
7079,3991
7080,3992
7085,3993
7087,3994
7088,3995
7400,3995
7093,3996
7094,3997
7096,3998
8774,3998
7097,3999
7098,4000
7416,4000
7100,4001
7103,4002
7108,4003
7109,4004
7111,4005
7111,4006
7112,4007
7112,4008
7113,4009
7115,4010
7120,4011
7128,4012
7129,4013
7131,4014
7133,4015
7134,4016
7135,4017
7136,4018
7137,4019
7140,4020
7141,4021
7142,4022
7147,4023
7148,4024
7150,4025
7151,4026
7157,4027
7159,4028
7160,4029
7161,4030
7162,4031
7163,4032
7164,4033
7165,4034
7165,4035
7165,4036
7165,4037
7165,4038
7165,4039
7165,4040
7165,4041
7165,4042
7166,4043
7167,4044
7168,4045
7172,4046
7173,4047
7174,4048
7179,4049
7180,4049
7182,4050
7184,4051
7707,4051
8145,4051
8771,4051
7190,4052
7190,4053
7191,4054
7193,4055
7964,4055
7200,4056
7201,4057
7202,4058
7206,4059
7207,4060
7208,4061
7209,4062
7210,4063
7212,4064
7217,4065
7220,4066
7791,4066
8641,4066
8740,4066
7220,4067
7221,4068
8260,4068
7222,4069
7224,4070
7224,4071
7225,4072
7226,4073
7228,4074
7229,4074
7234,4074
7228,4075
7229,4075
7230,4075
7231,4075
7232,4075
7234,4075
7237,4076
7238,4077
7239,4078
7240,4079
7348,4079
7241,4080
7243,4081
7901,4081
7244,4082
7247,4083
7249,4084
7250,4085
7251,4086
7251,4087
7254,4088
7259,4089
7260,4090
7261,4091
7262,4092
7268,4093
7900,4093
7270,4094
7271,4095
7272,4096
7273,4097
7274,4098
7275,4099
7276,4100
7277,4101
7278,4101
7279,4101
7281,4102
7282,4103
7284,4104
7289,4105
7290,4106
7290,4107
7293,4108
7294,4109
7294,4110
7294,4111
7295,4112
7931,4112
8641,4112
8764,4112
7296,4113
7297,4114
7303,4115
7305,4116
7306,4117
7310,4118
7311,4119
7312,4120
7314,4121
7315,4122
7316,4123
7321,4124
7323,4125
7327,4126
8004,4126
7328,4127
7329,4128
7329,4129
7330,4130
7330,4131
7331,4132
7334,4133
7335,4134
7335,4135
7336,4136
8570,4136
7337,4137
7340,4138
7342,4139
7345,4140
7347,4141
7351,4142
7352,4143
7353,4144
7355,4145
7356,4146
7357,4147
7359,4148
7361,4149
7361,4150
7362,4151
7363,4152
7364,4153
7366,4154
7367,4155
7368,4156
7370,4157
7371,4158
7372,4159
7374,4160
7375,4161
7378,4162
7935,4162
7380,4163
7381,4164
7385,4165
7389,4166
8592,4166
7390,4167
7391,4168
7392,4169
7395,4170
7397,4171
7398,4172
7399,4173
7401,4174
7403,4175
7406,4176
7408,4177
7410,4178
7412,4179
7413,4180
8327,4180
8328,4180
8329,4180
8330,4180
7414,4181
7415,4182
7416,4183
7500,4183
7420,4184
7421,4185
7422,4186
7423,4187
7993,4187
7423,4188
7424,4189
7425,4190
7426,4191
7426,4192
7427,4193
7427,4194
7428,4195
7430,4196
7431,4197
7433,4198
7434,4199
7435,4200
7435,4201
7438,4202
7440,4203
7441,4204
7442,4205
7442,4206
7443,4207
7444,4207
8743,4207
7445,4208
7451,4209
7452,4210
7457,4211
8500,4211
7459,4212
7461,4213
7465,4214
7466,4215
7467,4216
8788,4216
7468,4217
7470,4218
7471,4219
7472,4220
8070,4220
7473,4221
7474,4222
7475,4223
7475,4224
7476,4225
7477,4226
7478,4227
7483,4228
7485,4229
7516,4229
7488,4230
7489,4231
7490,4232
7497,4232
7502,4232
7493,4233
7494,4234
7501,4234
7502,4234
7495,4235
7495,4236
7497,4237
7499,4238
7500,4239
7501,4239
7505,4240
7508,4241
7509,4242
7510,4243
7511,4244
7512,4245
7513,4246
8800,4246
7515,4247
7516,4248
7516,4249
7516,4250
7516,4251
7516,4252
7516,4253
7519,4254
7520,4255
7521,4256
7526,4257
7526,4258
7527,4259
8431,4259
7531,4260
7638,4260
7531,4261
7532,4262
7534,4263
7536,4264
7537,4265
7538,4266
7540,4267
7542,4268
7543,4268
7545,4269
7547,4270
7549,4271
7550,4272
7551,4273
7553,4274
7555,4275
7555,4276
7556,4277
7557,4278
7557,4279
7559,4280
7561,4281
7562,4282
7563,4283
7565,4284
7567,4285
7567,4286
7568,4287
7576,4288
7579,4289
7583,4290
7584,4291
7585,4292
7595,4293
7596,4294
7597,4294
7597,4295
7599,4296
7599,4297
7601,4298
7602,4299
7607,4299
7603,4300
7604,4301
7605,4302
7606,4303
7608,4304
7609,4305
7610,4306
7610,4307
7612,4308
7613,4308
7614,4309
7615,4310
7616,4311
7617,4312
7618,4313
7618,4314
7619,4315
7620,4316
7621,4317
7622,4318
7623,4319
7626,4320
7626,4321
7627,4322
7631,4323
7632,4323
7634,4324
7636,4325
7636,4326
7637,4327
7642,4328
7643,4329
7644,4330
7645,4330
7646,4330
8092,4330
8544,4330
7652,4331
7653,4332
7654,4333
7656,4334
7657,4334
7659,4335
7661,4336
7721,4336
7738,4336
8014,4336
7662,4337
7835,4337
7664,4338
7665,4339
7666,4340
7668,4341
7669,4342
7669,4343
7670,4344
7671,4345
7678,4346
7679,4347
7680,4348
7681,4349
7682,4350
7683,4351
7684,4352
7684,4353
7687,4354
7687,4355
7688,4356
7692,4357
7693,4358
7695,4359
7697,4360
7698,4361
7703,4362
7704,4363
7705,4364
7708,4365
7709,4366
7712,4367
7718,4368
7720,4369
7723,4370
7723,4371
7724,4372
7725,4373
7856,4373
7727,4374
7728,4375
7729,4376
7732,4377
7734,4378
7735,4379
7735,4380
7738,4381
7738,4382
7738,4383
8014,4383
7738,4384
7740,4385
7741,4386
7741,4387
7744,4388
7744,4389
7744,4390
7744,4391
7746,4392
7747,4393
7754,4394
7755,4395
7758,4396
7759,4397
7779,4398
7779,4399
7789,4400
7790,4401
7793,4402
7793,4403
7796,4404
7797,4405
7804,4406
7805,4407
7808,4408
7815,4409
7819,4410
7820,4411
7822,4412
7823,4413
7823,4414
7824,4415
7826,4416
8137,4416
7827,4417
7827,4418
7830,4419
7831,4420
7832,4421
7833,4422
7834,4423
7837,4424
8231,4424
7840,4425
7842,4426
7844,4427
7845,4428
7846,4429
7847,4430
7849,4431
7849,4432
7852,4433
7853,4434
7855,4435
7859,4436
7860,4437
7860,4438
7862,4439
7864,4440
7865,4441
7892,4441
7865,4442
7867,4443
7869,4444
7872,4445
7872,4446
7875,4447
7877,4448
7878,4449
7881,4450
7882,4450
7883,4450
7887,4451
7888,4452
7890,4453
7891,4454
7892,4455
7894,4456
7895,4457
7896,4458
8334,4458
7897,4459
8285,4459
7899,4460
7903,4461
7905,4462
7911,4463
7912,4464
7914,4465
7916,4466
7917,4467
7918,4468
7919,4469
7920,4470
7924,4471
7925,4472
8586,4472
8667,4472
7926,4473
7927,4474
7929,4475
7929,4476
7932,4477
7934,4478
7940,4479
7941,4480
7942,4481
7945,4482
7946,4483
7951,4484
7953,4485
7955,4486
8507,4486
7956,4487
7960,4488
7960,4489
7960,4490
7961,4491
7962,4492
7963,4492
7965,4493
7966,4494
7968,4495
7970,4496
7971,4497
7974,4497
7972,4498
7976,4498
7973,4499
7977,4499
7975,4500
7978,4500
7979,4500
7979,4501
7980,4502
7984,4503
7987,4504
7988,4504
7991,4505
7995,4506
7997,4507
8000,4508
8006,4509
8007,4510
8007,4511
8008,4511
8009,4512
8009,4513
8010,4514
8012,4515
8013,4516
8015,4517
8015,4518
8017,4519
8019,4520
8020,4521
8024,4522
8026,4523
8027,4524
8028,4525
8029,4526
8030,4527
8035,4528
8036,4529
8036,4530
8037,4531
8038,4532
8039,4533
8042,4534
8046,4535
8047,4536
8049,4537
8055,4538
8056,4539
8057,4540
8058,4541
8061,4542
8061,4543
8062,4544
8064,4545
8066,4546
8067,4547
8068,4548
8291,4548
8069,4549
8069,4550
8069,4551
8070,4552
8072,4553
8073,4554
8074,4555
8080,4556
8081,4557
8082,4558
8087,4559
8087,4560
8090,4561
8091,4562
8091,4563
8092,4564
8092,4565
8092,4566
8093,4567
8097,4568
8099,4569
8100,4570
8101,4571
8104,4572
8105,4573
8105,4574
8107,4575
8109,4576
8112,4577
8113,4578
8114,4579
8115,4580
8116,4581
8117,4582
8119,4583
8120,4584
8121,4585
8124,4586
8127,4587
8128,4588
8129,4589
8131,4590
8134,4591
8135,4592
8135,4593
8136,4594
8140,4595
8141,4596
8141,4597
8142,4598
8150,4599
8151,4600
8152,4601
8153,4602
8155,4603
8156,4604
8158,4605
8160,4606
8161,4607
8163,4608
8164,4609
8165,4610
8165,4611
8165,4612
8165,4613
8165,4614
8169,4615
8169,4616
8170,4617
8171,4618
8173,4619
8178,4620
8178,4621
8179,4622
8180,4623
8182,4624
8186,4625
8187,4626
8189,4627
8191,4628
8191,4629
8192,4630
8192,4631
8196,4632
8197,4633
8199,4634
8201,4635
8202,4636
8203,4637
8203,4638
8205,4639
8205,4640
8206,4641
8661,4641
8211,4642
8212,4643
8214,4644
8216,4645
8216,4646
8216,4647
8218,4648
8218,4649
8219,4650
8221,4651
8222,4652
8277,4652
8223,4653
8224,4654
8262,4654
8225,4655
8226,4656
8233,4657
8234,4658
8234,4659
8235,4660
8236,4661
8238,4662
8239,4663
8240,4664
8241,4665
8551,4665
8243,4666
8245,4667
8246,4668
8248,4669
8249,4670
8254,4671
8255,4672
8257,4673
8259,4674
8259,4675
8261,4676
8264,4677
8264,4678
8265,4679
8267,4680
8362,4680
8499,4680
8268,4681
8271,4682
8271,4683
8274,4684
8274,4685
8275,4686
8276,4687
8279,4688
8279,4689
8282,4690
8284,4691
8286,4692
8287,4693
8662,4693
8289,4694
8514,4694
8292,4695
8294,4696
8296,4697
8300,4698
8300,4699
8301,4700
8387,4700
8302,4701
8307,4702
8309,4703
8311,4704
8315,4705
8319,4706
8320,4707
8323,4708
8323,4709
8324,4710
8325,4711
8336,4712
8338,4713
8339,4714
8340,4715
8341,4716
8343,4717
8345,4718
8345,4719
8345,4720
8345,4721
8345,4722
8345,4723
8345,4724
8345,4725
8349,4726
8351,4727
8352,4728
8359,4729
8509,4729
8360,4730
8360,4731
8360,4732
8364,4733
8365,4733
8364,4734
8365,4735
8366,4736
8370,4737
8371,4738
8371,4739
8373,4740
8692,4740
8376,4741
8381,4742
8709,4742
8382,4743
8383,4744
8384,4745
8388,4746
8389,4747
8390,4748
8395,4749
8395,4750
8400,4751
8401,4752
8402,4753
8403,4754
8404,4755
8407,4756
8408,4757
8408,4758
8409,4759
8718,4759
8410,4760
8411,4761
8413,4762
8413,4763
8418,4764
8418,4765
8419,4766
8420,4767
8588,4767
8421,4768
8426,4769
8428,4770
8433,4771
8437,4772
8439,4773
8441,4774
8441,4775
8442,4776
8447,4777
8749,4777
8448,4778
8449,4779
8450,4780
8451,4781
8452,4782
8453,4783
8456,4784
8457,4785
8458,4786
8458,4787
8460,4788
8463,4789
8464,4790
8465,4791
8466,4792
8467,4793
8467,4794
8468,4795
8469,4796
8471,4797
8471,4798
8474,4799
8476,4800
8478,4801
8479,4802
8480,4803
8480,4804
8481,4805
8484,4806
8485,4807
8486,4808
8699,4808
8488,4809
8489,4810
8490,4811
8493,4812
8495,4813
8496,4814
8497,4815
8501,4816
8506,4817
8508,4818
8508,4819
8510,4820
8515,4821
8517,4822
8518,4823
8521,4824
8522,4825
8523,4826
8525,4827
8525,4828
8528,4829
8529,4830
8529,4831
8530,4832
8531,4833
8533,4834
8535,4835
8536,4836
8538,4837
8538,4838
8539,4839
8541,4840
8547,4841
8547,4842
8549,4843
8551,4844
8553,4845
8554,4846
8559,4847
8560,4848
8562,4849
8563,4850
8564,4851
8565,4852
8566,4853
8567,4854
8569,4855
8571,4856
8572,4857
8573,4858
8574,4859
8577,4860
8578,4861
8579,4862
8580,4863
8583,4864
8584,4865
8587,4866
8588,4867
8590,4868
8595,4869
8596,4870
8598,4871
8598,4872
8598,4873
8599,4874
8600,4875
8602,4876
8603,4877
8604,4878
8607,4879
8613,4880
8616,4881
8617,4882
8619,4883
8621,4884
8621,4885
8622,4886
8623,4887
8625,4887
8624,4888
8628,4889
8631,4890
8632,4891
8633,4892
8633,4893
8635,4894
8636,4895
8637,4896
8641,4897
8641,4898
8641,4899
8642,4900
8644,4901
8646,4902
8649,4903
8651,4904
8651,4905
8655,4906
8656,4907
8657,4908
8658,4909
8659,4910
8663,4911
8664,4912
8665,4913
8792,4913
8666,4914
8668,4915
8673,4916
8674,4917
8675,4918
8676,4919
8677,4920
8678,4921
8679,4922
8681,4923
8682,4924
8684,4925
8686,4926
8687,4927
8688,4928
8690,4929
8693,4930
8693,4931
8694,4932
8694,4933
8695,4934
8696,4935
8698,4936
8700,4937
8702,4938
8703,4939
8704,4940
8706,4941
8707,4942
8710,4943
8712,4944
8714,4945
8715,4946
8715,4947
8715,4948
8716,4949
8717,4950
8719,4951
8720,4952
8724,4953
8725,4954
8728,4955
8728,4956
8729,4957
8729,4958
8730,4959
8733,4960
8735,4961
8738,4962
8738,4963
8739,4964
8740,4965
8744,4966
8745,4967
8746,4968
8747,4969
8751,4970
8752,4971
8753,4972
8754,4973
8755,4974
8760,4975
8761,4976
8762,4977
8765,4978
8766,4979
8766,4980
8766,4981
8770,4982
8775,4983
8777,4984
8778,4985
8779,4985
8780,4986
8782,4987
8787,4988
8789,4989
8793,4990
8799,4991
8802,4992
8806,4993
8807,4994
