show_id,country_id
1,1
8,1
10,1
16,1
28,1
29,1
30,1
39,1
41,1
42,1
43,1
44,1
45,1
47,1
49,1
56,1
68,1
82,1
83,1
91,1
95,1
96,1
97,1
98,1
100,1
102,1
107,1
108,1
112,1
118,1
123,1
126,1
128,1
130,1
132,1
134,1
135,1
136,1
137,1
138,1
139,1
140,1
142,1
143,1
144,1
145,1
146,1
147,1
150,1
151,1
153,1
156,1
157,1
159,1
161,1
162,1
163,1
164,1
165,1
167,1
168,1
169,1
170,1
171,1
172,1
173,1
174,1
175,1
176,1
177,1
178,1
179,1
180,1
183,1
184,1
185,1
192,1
221,1
228,1
229,1
230,1
232,1
233,1
242,1
248,1
252,1
255,1
264,1
265,1
268,1
272,1
273,1
275,1
280,1
281,1
285,1
287,1
291,1
296,1
297,1
301,1
308,1
309,1
311,1
313,1
315,1
316,1
318,1
324,1
326,1
327,1
328,1
329,1
330,1
331,1
333,1
334,1
335,1
336,1
338,1
341,1
342,1
343,1
344,1
345,1
346,1
347,1
348,1
349,1
350,1
351,1
352,1
353,1
354,1
355,1
356,1
357,1
358,1
359,1
360,1
361,1
362,1
371,1
379,1
381,1
383,1
387,1
390,1
391,1
392,1
393,1
404,1
426,1
434,1
438,1
441,1
443,1
446,1
447,1
448,1
449,1
450,1
451,1
452,1
460,1
461,1
463,1
470,1
473,1
474,1
475,1
478,1
487,1
489,1
490,1
492,1
493,1
494,1
495,1
497,1
500,1
510,1
512,1
514,1
521,1
526,1
527,1
528,1
531,1
533,1
548,1
549,1
558,1
559,1
560,1
562,1
563,1
564,1
565,1
567,1
568,1
569,1
574,1
575,1
576,1
577,1
579,1
580,1
582,1
583,1
584,1
585,1
586,1
589,1
592,1
593,1
594,1
595,1
596,1
597,1
598,1
599,1
600,1
601,1
602,1
603,1
604,1
605,1
606,1
607,1
608,1
609,1
610,1
611,1
612,1
613,1
615,1
616,1
619,1
621,1
623,1
629,1
631,1
637,1
639,1
644,1
649,1
658,1
661,1
663,1
668,1
669,1
675,1
677,1
678,1
679,1
681,1
686,1
697,1
703,1
709,1
714,1
717,1
719,1
720,1
722,1
723,1
724,1
725,1
727,1
728,1
729,1
735,1
737,1
740,1
741,1
744,1
747,1
749,1
750,1
753,1
755,1
758,1
764,1
775,1
776,1
777,1
778,1
780,1
783,1
785,1
786,1
787,1
788,1
789,1
791,1
792,1
793,1
794,1
796,1
797,1
798,1
799,1
800,1
801,1
802,1
803,1
805,1
809,1
810,1
811,1
813,1
814,1
815,1
817,1
818,1
819,1
820,1
823,1
824,1
825,1
826,1
827,1
829,1
831,1
835,1
847,1
849,1
854,1
856,1
863,1
864,1
866,1
867,1
868,1
869,1
871,1
873,1
880,1
881,1
884,1
890,1
891,1
896,1
897,1
901,1
902,1
905,1
908,1
909,1
911,1
915,1
917,1
918,1
920,1
921,1
922,1
923,1
925,1
927,1
929,1
931,1
932,1
933,1
934,1
935,1
936,1
943,1
944,1
947,1
948,1
949,1
950,1
951,1
952,1
953,1
954,1
956,1
957,1
963,1
970,1
971,1
976,1
994,1
1000,1
1002,1
1012,1
1014,1
1016,1
1025,1
1027,1
1028,1
1030,1
1034,1
1035,1
1036,1
1037,1
1040,1
1043,1
1044,1
1046,1
1047,1
1049,1
1053,1
1054,1
1056,1
1058,1
1060,1
1061,1
1062,1
1064,1
1069,1
1071,1
1076,1
1080,1
1082,1
1084,1
1089,1
1090,1
1098,1
1101,1
1102,1
1103,1
1105,1
1106,1
1107,1
1112,1
1113,1
1114,1
1119,1
1120,1
1121,1
1122,1
1125,1
1127,1
1128,1
1129,1
1134,1
1135,1
1136,1
1139,1
1140,1
1141,1
1143,1
1144,1
1145,1
1146,1
1147,1
1151,1
1153,1
1155,1
1157,1
1158,1
1159,1
1169,1
1171,1
1172,1
1176,1
1179,1
1180,1
1182,1
1188,1
1190,1
1191,1
1192,1
1196,1
1198,1
1200,1
1201,1
1204,1
1205,1
1206,1
1214,1
1219,1
1223,1
1232,1
1239,1
1240,1
1241,1
1242,1
1243,1
1244,1
1246,1
1249,1
1252,1
1254,1
1255,1
1257,1
1260,1
1264,1
1265,1
1269,1
1271,1
1273,1
1275,1
1276,1
1278,1
1279,1
1284,1
1285,1
1289,1
1291,1
1298,1
1301,1
1303,1
1304,1
1305,1
1307,1
1308,1
1310,1
1311,1
1314,1
1315,1
1319,1
1325,1
1328,1
1329,1
1331,1
1332,1
1333,1
1334,1
1336,1
1342,1
1344,1
1348,1
1349,1
1351,1
1353,1
1354,1
1356,1
1357,1
1359,1
1360,1
1362,1
1363,1
1364,1
1365,1
1367,1
1368,1
1370,1
1372,1
1375,1
1376,1
1378,1
1379,1
1381,1
1388,1
1389,1
1390,1
1392,1
1394,1
1395,1
1396,1
1397,1
1398,1
1399,1
1400,1
1401,1
1402,1
1403,1
1405,1
1406,1
1407,1
1408,1
1409,1
1410,1
1412,1
1416,1
1417,1
1421,1
1425,1
1426,1
1431,1
1436,1
1438,1
1440,1
1441,1
1444,1
1445,1
1447,1
1448,1
1449,1
1450,1
1451,1
1452,1
1453,1
1454,1
1455,1
1456,1
1457,1
1458,1
1460,1
1462,1
1464,1
1465,1
1466,1
1467,1
1468,1
1470,1
1471,1
1474,1
1477,1
1478,1
1479,1
1485,1
1486,1
1487,1
1493,1
1495,1
1499,1
1500,1
1502,1
1503,1
1506,1
1507,1
1510,1
1511,1
1514,1
1516,1
1518,1
1531,1
1535,1
1537,1
1538,1
1539,1
1541,1
1544,1
1546,1
1547,1
1548,1
1549,1
1550,1
1551,1
1552,1
1553,1
1554,1
1558,1
1559,1
1561,1
1564,1
1573,1
1574,1
1575,1
1577,1
1580,1
1581,1
1583,1
1585,1
1591,1
1592,1
1596,1
1598,1
1609,1
1610,1
1611,1
1612,1
1613,1
1616,1
1617,1
1618,1
1619,1
1621,1
1622,1
1623,1
1624,1
1625,1
1627,1
1628,1
1632,1
1633,1
1634,1
1636,1
1637,1
1642,1
1646,1
1647,1
1651,1
1656,1
1657,1
1660,1
1661,1
1664,1
1665,1
1667,1
1670,1
1672,1
1673,1
1682,1
1685,1
1686,1
1687,1
1688,1
1689,1
1690,1
1691,1
1692,1
1693,1
1695,1
1697,1
1698,1
1699,1
1700,1
1701,1
1702,1
1704,1
1711,1
1715,1
1718,1
1719,1
1722,1
1723,1
1725,1
1727,1
1730,1
1732,1
1737,1
1748,1
1749,1
1750,1
1751,1
1752,1
1753,1
1755,1
1756,1
1757,1
1758,1
1760,1
1761,1
1762,1
1763,1
1764,1
1765,1
1766,1
1768,1
1769,1
1771,1
1775,1
1780,1
1782,1
1786,1
1788,1
1790,1
1791,1
1792,1
1794,1
1801,1
1802,1
1803,1
1805,1
1806,1
1812,1
1814,1
1817,1
1825,1
1834,1
1838,1
1839,1
1842,1
1843,1
1844,1
1845,1
1846,1
1849,1
1852,1
1853,1
1855,1
1857,1
1861,1
1865,1
1868,1
1869,1
1873,1
1874,1
1879,1
1880,1
1882,1
1885,1
1887,1
1894,1
1895,1
1901,1
1904,1
1905,1
1907,1
1910,1
1912,1
1914,1
1917,1
1922,1
1923,1
1924,1
1925,1
1927,1
1930,1
1932,1
1933,1
1935,1
1936,1
1937,1
1938,1
1948,1
1949,1
1950,1
1955,1
1958,1
1959,1
1961,1
1962,1
1963,1
1979,1
1980,1
1981,1
1988,1
1991,1
1995,1
1996,1
1998,1
2000,1
2002,1
2003,1
2004,1
2010,1
2011,1
2022,1
2023,1
2030,1
2033,1
2036,1
2042,1
2043,1
2045,1
2046,1
2048,1
2053,1
2055,1
2057,1
2060,1
2064,1
2066,1
2069,1
2072,1
2073,1
2074,1
2077,1
2080,1
2084,1
2085,1
2086,1
2091,1
2093,1
2095,1
2096,1
2097,1
2099,1
2100,1
2101,1
2106,1
2108,1
2110,1
2113,1
2114,1
2116,1
2119,1
2121,1
2122,1
2131,1
2133,1
2134,1
2136,1
2139,1
2140,1
2141,1
2143,1
2144,1
2145,1
2147,1
2150,1
2155,1
2156,1
2157,1
2158,1
2159,1
2160,1
2163,1
2166,1
2168,1
2170,1
2171,1
2172,1
2173,1
2174,1
2177,1
2180,1
2182,1
2189,1
2190,1
2191,1
2193,1
2200,1
2201,1
2202,1
2203,1
2204,1
2208,1
2209,1
2214,1
2215,1
2218,1
2220,1
2229,1
2230,1
2233,1
2238,1
2242,1
2247,1
2249,1
2250,1
2251,1
2258,1
2260,1
2261,1
2263,1
2284,1
2295,1
2297,1
2299,1
2300,1
2302,1
2304,1
2308,1
2312,1
2314,1
2315,1
2316,1
2317,1
2318,1
2322,1
2328,1
2331,1
2332,1
2342,1
2346,1
2347,1
2351,1
2353,1
2356,1
2357,1
2358,1
2363,1
2378,1
2379,1
2380,1
2381,1
2383,1
2384,1
2385,1
2389,1
2391,1
2394,1
2396,1
2398,1
2402,1
2406,1
2407,1
2408,1
2412,1
2416,1
2417,1
2418,1
2420,1
2423,1
2424,1
2425,1
2431,1
2432,1
2452,1
2455,1
2457,1
2460,1
2468,1
2471,1
2472,1
2474,1
2480,1
2495,1
2498,1
2508,1
2509,1
2512,1
2516,1
2520,1
2524,1
2525,1
2527,1
2541,1
2544,1
2548,1
2549,1
2550,1
2552,1
2554,1
2560,1
2562,1
2563,1
2567,1
2571,1
2572,1
2573,1
2574,1
2576,1
2577,1
2578,1
2580,1
2581,1
2582,1
2583,1
2591,1
2592,1
2593,1
2597,1
2598,1
2600,1
2601,1
2605,1
2609,1
2623,1
2628,1
2633,1
2635,1
2646,1
2652,1
2653,1
2657,1
2660,1
2661,1
2662,1
2663,1
2667,1
2673,1
2678,1
2679,1
2681,1
2685,1
2687,1
2690,1
2692,1
2693,1
2696,1
2698,1
2702,1
2703,1
2704,1
2705,1
2706,1
2708,1
2710,1
2711,1
2713,1
2717,1
2719,1
2721,1
2728,1
2744,1
2746,1
2750,1
2754,1
2755,1
2758,1
2759,1
2763,1
2764,1
2765,1
2768,1
2772,1
2779,1
2780,1
2783,1
2789,1
2791,1
2792,1
2796,1
2799,1
2800,1
2802,1
2807,1
2808,1
2809,1
2810,1
2814,1
2817,1
2821,1
2822,1
2823,1
2826,1
2827,1
2829,1
2830,1
2831,1
2836,1
2837,1
2839,1
2845,1
2848,1
2850,1
2854,1
2860,1
2861,1
2862,1
2864,1
2867,1
2868,1
2875,1
2881,1
2884,1
2887,1
2888,1
2890,1
2892,1
2898,1
2903,1
2904,1
2905,1
2906,1
2908,1
2909,1
2912,1
2921,1
2922,1
2926,1
2927,1
2928,1
2929,1
2932,1
2933,1
2934,1
2935,1
2938,1
2940,1
2942,1
2944,1
2945,1
2947,1
2948,1
2949,1
2950,1
2951,1
2952,1
2953,1
2954,1
2957,1
2961,1
2963,1
2968,1
2969,1
2976,1
2979,1
2981,1
2989,1
2994,1
2995,1
2996,1
2998,1
3001,1
3002,1
3004,1
3006,1
3008,1
3009,1
3010,1
3014,1
3015,1
3017,1
3018,1
3019,1
3022,1
3024,1
3025,1
3027,1
3028,1
3032,1
3034,1
3036,1
3038,1
3042,1
3043,1
3044,1
3050,1
3058,1
3059,1
3060,1
3062,1
3063,1
3066,1
3068,1
3074,1
3076,1
3081,1
3082,1
3085,1
3093,1
3097,1
3098,1
3100,1
3101,1
3103,1
3106,1
3107,1
3108,1
3109,1
3118,1
3119,1
3122,1
3123,1
3124,1
3126,1
3129,1
3147,1
3149,1
3151,1
3159,1
3161,1
3162,1
3163,1
3166,1
3169,1
3170,1
3173,1
3176,1
3181,1
3182,1
3183,1
3184,1
3187,1
3188,1
3189,1
3191,1
3192,1
3193,1
3213,1
3219,1
3222,1
3224,1
3228,1
3229,1
3230,1
3236,1
3239,1
3241,1
3242,1
3243,1
3245,1
3246,1
3247,1
3248,1
3249,1
3251,1
3257,1
3261,1
3263,1
3265,1
3270,1
3276,1
3279,1
3283,1
3288,1
3290,1
3291,1
3293,1
3296,1
3297,1
3301,1
3305,1
3306,1
3308,1
3310,1
3312,1
3314,1
3315,1
3316,1
3317,1
3318,1
3319,1
3320,1
3321,1
3322,1
3323,1
3324,1
3325,1
3326,1
3328,1
3330,1
3331,1
3332,1
3336,1
3338,1
3339,1
3343,1
3344,1
3345,1
3356,1
3363,1
3364,1
3365,1
3366,1
3370,1
3373,1
3375,1
3380,1
3383,1
3384,1
3386,1
3387,1
3389,1
3392,1
3399,1
3407,1
3410,1
3418,1
3419,1
3422,1
3423,1
3429,1
3430,1
3431,1
3439,1
3440,1
3441,1
3442,1
3443,1
3451,1
3454,1
3455,1
3457,1
3458,1
3459,1
3461,1
3472,1
3473,1
3476,1
3477,1
3478,1
3485,1
3486,1
3490,1
3491,1
3495,1
3496,1
3498,1
3501,1
3505,1
3506,1
3513,1
3514,1
3515,1
3516,1
3518,1
3519,1
3524,1
3526,1
3527,1
3528,1
3529,1
3536,1
3539,1
3541,1
3545,1
3552,1
3554,1
3556,1
3558,1
3560,1
3562,1
3568,1
3572,1
3579,1
3581,1
3582,1
3583,1
3584,1
3589,1
3590,1
3596,1
3598,1
3599,1
3601,1
3602,1
3604,1
3606,1
3609,1
3616,1
3618,1
3620,1
3621,1
3622,1
3623,1
3624,1
3625,1
3628,1
3630,1
3637,1
3643,1
3644,1
3646,1
3647,1
3654,1
3655,1
3658,1
3660,1
3663,1
3668,1
3671,1
3676,1
3680,1
3681,1
3684,1
3686,1
3687,1
3692,1
3693,1
3694,1
3698,1
3701,1
3703,1
3705,1
3708,1
3716,1
3718,1
3719,1
3722,1
3726,1
3728,1
3732,1
3734,1
3735,1
3739,1
3746,1
3750,1
3752,1
3753,1
3754,1
3757,1
3759,1
3760,1
3763,1
3770,1
3771,1
3772,1
3777,1
3778,1
3779,1
3780,1
3793,1
3795,1
3796,1
3799,1
3800,1
3801,1
3802,1
3804,1
3806,1
3807,1
3813,1
3817,1
3819,1
3826,1
3828,1
3829,1
3830,1
3836,1
3841,1
3842,1
3860,1
3864,1
3867,1
3868,1
3870,1
3873,1
3878,1
3885,1
3887,1
3888,1
3892,1
3893,1
3902,1
3904,1
3913,1
3920,1
3921,1
3926,1
3927,1
3928,1
3932,1
3935,1
3936,1
3938,1
3939,1
3943,1
3944,1
3946,1
3953,1
3958,1
3959,1
3960,1
3961,1
3966,1
3967,1
3968,1
3975,1
3980,1
3984,1
3986,1
3987,1
4000,1
4001,1
4008,1
4009,1
4010,1
4011,1
4012,1
4025,1
4029,1
4034,1
4037,1
4038,1
4043,1
4046,1
4051,1
4060,1
4061,1
4066,1
4080,1
4081,1
4084,1
4085,1
4087,1
4093,1
4096,1
4097,1
4100,1
4115,1
4116,1
4118,1
4121,1
4122,1
4123,1
4124,1
4129,1
4136,1
4138,1
4139,1
4140,1
4141,1
4142,1
4143,1
4146,1
4147,1
4164,1
4171,1
4173,1
4176,1
4177,1
4178,1
4179,1
4186,1
4194,1
4201,1
4204,1
4206,1
4219,1
4221,1
4223,1
4228,1
4229,1
4234,1
4238,1
4239,1
4240,1
4241,1
4245,1
4246,1
4249,1
4250,1
4254,1
4257,1
4261,1
4263,1
4267,1
4269,1
4276,1
4285,1
4287,1
4290,1
4291,1
4292,1
4293,1
4294,1
4296,1
4299,1
4300,1
4301,1
4302,1
4307,1
4308,1
4309,1
4311,1
4312,1
4314,1
4315,1
4318,1
4320,1
4321,1
4325,1
4342,1
4348,1
4351,1
4352,1
4354,1
4360,1
4363,1
4364,1
4365,1
4369,1
4370,1
4374,1
4377,1
4378,1
4379,1
4381,1
4382,1
4383,1
4386,1
4387,1
4404,1
4405,1
4408,1
4409,1
4411,1
4413,1
4417,1
4418,1
4419,1
4420,1
4435,1
4437,1
4448,1
4451,1
4461,1
4463,1
4476,1
4477,1
4479,1
4480,1
4481,1
4483,1
4485,1
4486,1
4490,1
4493,1
4495,1
4496,1
4501,1
4506,1
4511,1
4514,1
4517,1
4518,1
4519,1
4520,1
4523,1
4525,1
4526,1
4528,1
4529,1
4531,1
4534,1
4538,1
4539,1
4540,1
4541,1
4547,1
4554,1
4571,1
4590,1
4591,1
4592,1
4597,1
4605,1
4617,1
4620,1
4621,1
4622,1
4624,1
4627,1
4630,1
4631,1
4633,1
4635,1
4637,1
4640,1
4642,1
4643,1
4645,1
4648,1
4652,1
4653,1
4654,1
4656,1
4657,1
4658,1
4659,1
4660,1
4662,1
4664,1
4674,1
4675,1
4677,1
4683,1
4684,1
4689,1
4696,1
4697,1
4699,1
4702,1
4704,1
4705,1
4706,1
4707,1
4708,1
4710,1
4719,1
4740,1
4751,1
4752,1
4754,1
4757,1
4761,1
4762,1
4763,1
4765,1
4772,1
4774,1
4775,1
4779,1
4781,1
4783,1
4785,1
4786,1
4787,1
4788,1
4789,1
4790,1
4792,1
4795,1
4799,1
4802,1
4804,1
4805,1
4810,1
4812,1
4813,1
4814,1
4815,1
4819,1
4820,1
4822,1
4825,1
4829,1
4834,1
4838,1
4843,1
4845,1
4846,1
4847,1
4851,1
4852,1
4853,1
4855,1
4858,1
4859,1
4864,1
4865,1
4866,1
4868,1
4869,1
4870,1
4871,1
4873,1
4874,1
4875,1
4876,1
4878,1
4880,1
4888,1
4889,1
4891,1
4896,1
4902,1
4908,1
4912,1
4913,1
4917,1
4920,1
4921,1
4922,1
4923,1
4927,1
4928,1
4929,1
4931,1
4935,1
4936,1
4938,1
4939,1
4940,1
4942,1
4947,1
4951,1
4960,1
4961,1
4962,1
4964,1
4971,1
4973,1
4975,1
4977,1
4978,1
4980,1
4981,1
4991,1
4993,1
4994,1
4997,1
4999,1
5001,1
5006,1
5007,1
5011,1
5025,1
5030,1
5036,1
5037,1
5038,1
5040,1
5042,1
5045,1
5047,1
5048,1
5049,1
5053,1
5054,1
5055,1
5057,1
5060,1
5064,1
5065,1
5068,1
5070,1
5072,1
5073,1
5074,1
5079,1
5083,1
5084,1
5085,1
5087,1
5091,1
5092,1
5094,1
5101,1
5102,1
5108,1
5109,1
5111,1
5113,1
5114,1
5117,1
5122,1
5124,1
5125,1
5126,1
5127,1
5128,1
5130,1
5133,1
5134,1
5135,1
5137,1
5138,1
5139,1
5141,1
5148,1
5149,1
5153,1
5159,1
5160,1
5162,1
5163,1
5164,1
5165,1
5166,1
5167,1
5168,1
5169,1
5172,1
5176,1
5180,1
5181,1
5182,1
5183,1
5197,1
5198,1
5199,1
5201,1
5202,1
5203,1
5204,1
5206,1
5208,1
5209,1
5210,1
5211,1
5212,1
5214,1
5222,1
5227,1
5228,1
5231,1
5234,1
5235,1
5238,1
5240,1
5241,1
5244,1
5245,1
5246,1
5253,1
5254,1
5256,1
5259,1
5262,1
5263,1
5267,1
5268,1
5269,1
5270,1
5271,1
5272,1
5273,1
5274,1
5276,1
5277,1
5278,1
5281,1
5283,1
5284,1
5285,1
5286,1
5287,1
5288,1
5295,1
5300,1
5302,1
5303,1
5306,1
5308,1
5313,1
5316,1
5317,1
5319,1
5320,1
5321,1
5322,1
5323,1
5324,1
5326,1
5327,1
5329,1
5330,1
5332,1
5333,1
5334,1
5341,1
5344,1
5345,1
5346,1
5354,1
5359,1
5368,1
5369,1
5370,1
5371,1
5373,1
5376,1
5377,1
5378,1
5379,1
5380,1
5381,1
5386,1
5393,1
5413,1
5414,1
5416,1
5417,1
5418,1
5419,1
5420,1
5422,1
5423,1
5424,1
5425,1
5426,1
5427,1
5428,1
5429,1
5433,1
5441,1
5446,1
5450,1
5454,1
5457,1
5460,1
5469,1
5471,1
5472,1
5474,1
5480,1
5481,1
5484,1
5485,1
5488,1
5490,1
5493,1
5494,1
5497,1
5498,1
5509,1
5512,1
5513,1
5517,1
5519,1
5521,1
5522,1
5523,1
5524,1
5525,1
5526,1
5534,1
5536,1
5537,1
5539,1
5541,1
5542,1
5545,1
5547,1
5549,1
5557,1
5558,1
5559,1
5561,1
5562,1
5563,1
5565,1
5566,1
5567,1
5571,1
5576,1
5577,1
5579,1
5580,1
5583,1
5587,1
5591,1
5595,1
5597,1
5607,1
5611,1
5614,1
5616,1
5622,1
5623,1
5628,1
5631,1
5632,1
5638,1
5640,1
5641,1
5643,1
5644,1
5646,1
5647,1
5649,1
5651,1
5656,1
5658,1
5659,1
5661,1
5662,1
5664,1
5680,1
5682,1
5683,1
5684,1
5686,1
5688,1
5689,1
5690,1
5691,1
5694,1
5695,1
5696,1
5698,1
5703,1
5705,1
5708,1
5709,1
5710,1
5713,1
5714,1
5720,1
5722,1
5725,1
5734,1
5738,1
5745,1
5746,1
5755,1
5756,1
5757,1
5758,1
5759,1
5760,1
5762,1
5770,1
5771,1
5774,1
5775,1
5780,1
5783,1
5784,1
5785,1
5786,1
5793,1
5794,1
5795,1
5797,1
5798,1
5801,1
5804,1
5809,1
5810,1
5811,1
5812,1
5814,1
5816,1
5817,1
5818,1
5819,1
5820,1
5821,1
5825,1
5828,1
5829,1
5830,1
5831,1
5832,1
5836,1
5837,1
5841,1
5843,1
5847,1
5848,1
5849,1
5850,1
5851,1
5853,1
5854,1
5855,1
5858,1
5862,1
5863,1
5865,1
5866,1
5867,1
5868,1
5869,1
5870,1
5872,1
5876,1
5877,1
5879,1
5880,1
5882,1
5884,1
5885,1
5886,1
5887,1
5888,1
5889,1
5890,1
5891,1
5892,1
5893,1
5894,1
5895,1
5897,1
5898,1
5899,1
5900,1
5901,1
5902,1
5904,1
5905,1
5906,1
5907,1
5908,1
5911,1
5912,1
5913,1
5914,1
5916,1
5917,1
5918,1
5919,1
5921,1
5922,1
5923,1
5925,1
5927,1
5928,1
5929,1
5930,1
5931,1
5932,1
5933,1
5934,1
5935,1
5936,1
5937,1
5938,1
5939,1
5940,1
5941,1
5942,1
5943,1
5944,1
5945,1
5946,1
5947,1
5948,1
5949,1
5950,1
5951,1
5952,1
5953,1
5954,1
5956,1
5958,1
5959,1
5960,1
5961,1
5966,1
5972,1
5978,1
5980,1
5981,1
5982,1
5984,1
5986,1
5988,1
5989,1
5992,1
5993,1
5994,1
5995,1
5996,1
5997,1
6000,1
6001,1
6003,1
6004,1
6007,1
6009,1
6013,1
6015,1
6016,1
6018,1
6019,1
6020,1
6024,1
6027,1
6028,1
6030,1
6031,1
6032,1
6033,1
6035,1
6037,1
6039,1
6040,1
6041,1
6042,1
6043,1
6044,1
6047,1
6048,1
6050,1
6053,1
6054,1
6058,1
6059,1
6060,1
6061,1
6062,1
6063,1
6065,1
6066,1
6068,1
6070,1
6081,1
6082,1
6086,1
6087,1
6088,1
6090,1
6094,1
6096,1
6097,1
6098,1
6099,1
6105,1
6110,1
6112,1
6113,1
6114,1
6115,1
6116,1
6117,1
6119,1
6120,1
6121,1
6124,1
6125,1
6126,1
6128,1
6129,1
6133,1
6134,1
6135,1
6136,1
6137,1
6138,1
6139,1
6140,1
6141,1
6144,1
6145,1
6146,1
6147,1
6148,1
6149,1
6152,1
6153,1
6154,1
6155,1
6158,1
6162,1
6163,1
6164,1
6165,1
6170,1
6171,1
6172,1
6175,1
6176,1
6179,1
6180,1
6181,1
6183,1
6186,1
6187,1
6188,1
6189,1
6190,1
6192,1
6194,1
6200,1
6201,1
6206,1
6210,1
6212,1
6213,1
6215,1
6216,1
6219,1
6221,1
6222,1
6223,1
6226,1
6227,1
6234,1
6235,1
6236,1
6237,1
6238,1
6239,1
6240,1
6241,1
6242,1
6243,1
6244,1
6245,1
6248,1
6249,1
6251,1
6252,1
6253,1
6257,1
6258,1
6261,1
6262,1
6267,1
6268,1
6272,1
6273,1
6274,1
6275,1
6280,1
6282,1
6283,1
6284,1
6285,1
6289,1
6293,1
6302,1
6303,1
6304,1
6306,1
6307,1
6309,1
6311,1
6313,1
6317,1
6322,1
6323,1
6326,1
6327,1
6328,1
6330,1
6331,1
6332,1
6333,1
6334,1
6338,1
6340,1
6341,1
6343,1
6344,1
6345,1
6347,1
6350,1
6354,1
6355,1
6356,1
6359,1
6363,1
6366,1
6368,1
6369,1
6370,1
6371,1
6372,1
6373,1
6374,1
6377,1
6378,1
6380,1
6382,1
6389,1
6391,1
6392,1
6395,1
6396,1
6398,1
6409,1
6410,1
6411,1
6413,1
6415,1
6416,1
6421,1
6423,1
6424,1
6425,1
6426,1
6428,1
6432,1
6433,1
6434,1
6438,1
6444,1
6446,1
6447,1
6448,1
6449,1
6451,1
6454,1
6457,1
6459,1
6467,1
6469,1
6473,1
6474,1
6475,1
6476,1
6477,1
6478,1
6479,1
6480,1
6481,1
6482,1
6487,1
6492,1
6493,1
6494,1
6495,1
6497,1
6498,1
6500,1
6501,1
6502,1
6504,1
6511,1
6512,1
6514,1
6515,1
6517,1
6519,1
6520,1
6522,1
6525,1
6527,1
6533,1
6534,1
6537,1
6540,1
6541,1
6544,1
6545,1
6546,1
6549,1
6551,1
6552,1
6555,1
6556,1
6562,1
6563,1
6566,1
6567,1
6571,1
6574,1
6576,1
6579,1
6580,1
6582,1
6584,1
6585,1
6587,1
6590,1
6591,1
6593,1
6594,1
6596,1
6599,1
6604,1
6610,1
6612,1
6613,1
6616,1
6617,1
6618,1
6620,1
6621,1
6622,1
6623,1
6624,1
6625,1
6626,1
6627,1
6633,1
6634,1
6635,1
6636,1
6638,1
6639,1
6640,1
6641,1
6642,1
6643,1
6644,1
6645,1
6647,1
6648,1
6651,1
6652,1
6653,1
6654,1
6656,1
6658,1
6662,1
6663,1
6665,1
6666,1
6671,1
6677,1
6679,1
6683,1
6688,1
6691,1
6692,1
6693,1
6697,1
6700,1
6702,1
6703,1
6704,1
6711,1
6712,1
6713,1
6716,1
6720,1
6722,1
6723,1
6724,1
6725,1
6730,1
6731,1
6735,1
6736,1
6739,1
6744,1
6746,1
6747,1
6750,1
6752,1
6754,1
6755,1
6756,1
6759,1
6760,1
6763,1
6767,1
6768,1
6770,1
6773,1
6775,1
6777,1
6778,1
6781,1
6782,1
6783,1
6785,1
6790,1
6791,1
6794,1
6795,1
6796,1
6797,1
6798,1
6799,1
6800,1
6802,1
6803,1
6804,1
6805,1
6807,1
6809,1
6810,1
6811,1
6812,1
6813,1
6814,1
6815,1
6816,1
6818,1
6819,1
6823,1
6827,1
6831,1
6834,1
6838,1
6840,1
6841,1
6842,1
6843,1
6844,1
6846,1
6848,1
6850,1
6854,1
6857,1
6859,1
6860,1
6862,1
6863,1
6867,1
6868,1
6869,1
6873,1
6875,1
6876,1
6877,1
6879,1
6880,1
6881,1
6882,1
6883,1
6884,1
6885,1
6886,1
6887,1
6889,1
6893,1
6894,1
6897,1
6899,1
6900,1
6910,1
6911,1
6912,1
6914,1
6916,1
6917,1
6918,1
6921,1
6924,1
6926,1
6928,1
6929,1
6930,1
6932,1
6934,1
6935,1
6936,1
6939,1
6940,1
6942,1
6943,1
6944,1
6945,1
6946,1
6947,1
6949,1
6950,1
6951,1
6953,1
6954,1
6955,1
6957,1
6958,1
6959,1
6960,1
6962,1
6965,1
6971,1
6974,1
6978,1
6982,1
6985,1
6986,1
6991,1
6992,1
6993,1
6995,1
6996,1
6998,1
7001,1
7003,1
7004,1
7006,1
7009,1
7010,1
7011,1
7013,1
7014,1
7015,1
7016,1
7019,1
7020,1
7022,1
7028,1
7030,1
7031,1
7032,1
7033,1
7038,1
7039,1
7042,1
7044,1
7045,1
7049,1
7050,1
7051,1
7052,1
7055,1
7056,1
7057,1
7058,1
7061,1
7062,1
7064,1
7066,1
7067,1
7068,1
7071,1
7072,1
7073,1
7074,1
7075,1
7076,1
7078,1
7079,1
7082,1
7087,1
7092,1
7097,1
7098,1
7099,1
7104,1
7108,1
7113,1
7114,1
7122,1
7124,1
7125,1
7126,1
7127,1
7128,1
7129,1
7131,1
7133,1
7137,1
7140,1
7146,1
7148,1
7149,1
7150,1
7151,1
7152,1
7153,1
7155,1
7157,1
7165,1
7171,1
7173,1
7176,1
7177,1
7178,1
7179,1
7180,1
7181,1
7182,1
7192,1
7193,1
7194,1
7196,1
7198,1
7199,1
7202,1
7203,1
7204,1
7205,1
7208,1
7209,1
7211,1
7212,1
7214,1
7219,1
7220,1
7221,1
7235,1
7237,1
7238,1
7240,1
7241,1
7242,1
7249,1
7252,1
7253,1
7255,1
7259,1
7263,1
7264,1
7268,1
7270,1
7272,1
7275,1
7276,1
7277,1
7278,1
7282,1
7283,1
7286,1
7287,1
7293,1
7295,1
7297,1
7299,1
7300,1
7301,1
7305,1
7307,1
7309,1
7316,1
7317,1
7321,1
7322,1
7323,1
7324,1
7328,1
7329,1
7331,1
7333,1
7342,1
7345,1
7351,1
7356,1
7357,1
7366,1
7368,1
7369,1
7370,1
7371,1
7374,1
7390,1
7391,1
7396,1
7397,1
7398,1
7404,1
7405,1
7407,1
7409,1
7410,1
7412,1
7413,1
7416,1
7418,1
7424,1
7427,1
7428,1
7432,1
7440,1
7442,1
7443,1
7444,1
7450,1
7453,1
7455,1
7457,1
7460,1
7461,1
7462,1
7467,1
7468,1
7470,1
7471,1
7472,1
7475,1
7477,1
7478,1
7480,1
7482,1
7483,1
7485,1
7490,1
7491,1
7492,1
7493,1
7494,1
7495,1
7496,1
7497,1
7498,1
7499,1
7500,1
7501,1
7502,1
7504,1
7507,1
7508,1
7510,1
7511,1
7512,1
7516,1
7517,1
7518,1
7521,1
7524,1
7527,1
7528,1
7529,1
7531,1
7534,1
7536,1
7542,1
7543,1
7547,1
7550,1
7552,1
7554,1
7557,1
7559,1
7561,1
7562,1
7564,1
7565,1
7567,1
7568,1
7569,1
7570,1
7571,1
7572,1
7573,1
7576,1
7577,1
7578,1
7579,1
7580,1
7581,1
7582,1
7584,1
7585,1
7586,1
7588,1
7590,1
7593,1
7595,1
7596,1
7597,1
7599,1
7600,1
7601,1
7602,1
7603,1
7604,1
7605,1
7606,1
7607,1
7608,1
7609,1
7610,1
7611,1
7612,1
7613,1
7614,1
7615,1
7616,1
7617,1
7618,1
7619,1
7620,1
7621,1
7622,1
7629,1
7635,1
7636,1
7638,1
7639,1
7640,1
7643,1
7648,1
7649,1
7653,1
7655,1
7656,1
7657,1
7658,1
7660,1
7662,1
7664,1
7665,1
7667,1
7668,1
7670,1
7678,1
7680,1
7685,1
7690,1
7691,1
7696,1
7697,1
7699,1
7702,1
7705,1
7709,1
7710,1
7711,1
7712,1
7714,1
7715,1
7717,1
7719,1
7722,1
7723,1
7725,1
7726,1
7727,1
7729,1
7730,1
7732,1
7733,1
7736,1
7741,1
7742,1
7744,1
7750,1
7752,1
7753,1
7754,1
7756,1
7757,1
7758,1
7762,1
7764,1
7765,1
7766,1
7767,1
7768,1
7769,1
7770,1
7771,1
7772,1
7773,1
7774,1
7775,1
7776,1
7777,1
7779,1
7781,1
7782,1
7783,1
7784,1
7785,1
7786,1
7787,1
7788,1
7789,1
7791,1
7793,1
7794,1
7797,1
7798,1
7799,1
7803,1
7808,1
7809,1
7810,1
7812,1
7815,1
7817,1
7818,1
7821,1
7823,1
7827,1
7835,1
7840,1
7843,1
7845,1
7848,1
7852,1
7855,1
7856,1
7858,1
7859,1
7860,1
7864,1
7866,1
7868,1
7869,1
7879,1
7880,1
7881,1
7882,1
7883,1
7884,1
7885,1
7887,1
7888,1
7890,1
7895,1
7896,1
7897,1
7902,1
7904,1
7905,1
7906,1
7908,1
7909,1
7910,1
7913,1
7921,1
7929,1
7931,1
7934,1
7942,1
7946,1
7947,1
7949,1
7950,1
7951,1
7952,1
7953,1
7954,1
7956,1
7957,1
7958,1
7959,1
7960,1
7961,1
7962,1
7963,1
7964,1
7965,1
7967,1
7970,1
7971,1
7972,1
7973,1
7975,1
7977,1
7980,1
7982,1
7986,1
7987,1
7988,1
7991,1
7994,1
7999,1
8001,1
8002,1
8003,1
8004,1
8006,1
8010,1
8011,1
8012,1
8013,1
8016,1
8018,1
8019,1
8020,1
8022,1
8023,1
8026,1
8028,1
8029,1
8030,1
8031,1
8032,1
8033,1
8035,1
8036,1
8037,1
8038,1
8039,1
8040,1
8041,1
8043,1
8044,1
8045,1
8046,1
8047,1
8049,1
8052,1
8053,1
8055,1
8056,1
8058,1
8060,1
8061,1
8063,1
8064,1
8065,1
8066,1
8068,1
8069,1
8071,1
8072,1
8073,1
8074,1
8075,1
8076,1
8077,1
8079,1
8080,1
8082,1
8083,1
8084,1
8087,1
8088,1
8090,1
8093,1
8094,1
8096,1
8097,1
8098,1
8100,1
8102,1
8103,1
8106,1
8107,1
8111,1
8112,1
8117,1
8119,1
8124,1
8126,1
8127,1
8128,1
8129,1
8131,1
8133,1
8134,1
8135,1
8136,1
8139,1
8140,1
8141,1
8144,1
8147,1
8148,1
8149,1
8152,1
8153,1
8155,1
8156,1
8158,1
8159,1
8160,1
8163,1
8164,1
8167,1
8168,1
8170,1
8175,1
8176,1
8177,1
8180,1
8184,1
8185,1
8188,1
8189,1
8190,1
8191,1
8192,1
8196,1
8197,1
8198,1
8199,1
8201,1
8203,1
8205,1
8206,1
8211,1
8212,1
8213,1
8214,1
8216,1
8218,1
8220,1
8221,1
8222,1
8223,1
8224,1
8225,1
8226,1
8227,1
8229,1
8230,1
8233,1
8234,1
8238,1
8239,1
8240,1
8243,1
8248,1
8249,1
8250,1
8252,1
8253,1
8255,1
8257,1
8259,1
8260,1
8262,1
8263,1
8264,1
8267,1
8271,1
8273,1
8275,1
8276,1
8277,1
8279,1
8280,1
8282,1
8284,1
8285,1
8286,1
8288,1
8289,1
8290,1
8291,1
8292,1
8293,1
8296,1
8297,1
8299,1
8300,1
8302,1
8305,1
8306,1
8308,1
8309,1
8310,1
8312,1
8313,1
8315,1
8316,1
8319,1
8320,1
8321,1
8324,1
8325,1
8326,1
8327,1
8328,1
8334,1
8336,1
8337,1
8338,1
8339,1
8340,1
8342,1
8345,1
8346,1
8349,1
8353,1
8355,1
8356,1
8357,1
8361,1
8362,1
8363,1
8366,1
8368,1
8372,1
8373,1
8376,1
8378,1
8379,1
8381,1
8382,1
8385,1
8386,1
8389,1
8390,1
8391,1
8394,1
8395,1
8396,1
8398,1
8401,1
8402,1
8403,1
8404,1
8405,1
8406,1
8407,1
8411,1
8412,1
8413,1
8414,1
8415,1
8416,1
8417,1
8418,1
8420,1
8421,1
8422,1
8423,1
8427,1
8429,1
8431,1
8435,1
8436,1
8437,1
8438,1
8440,1
8442,1
8443,1
8444,1
8446,1
8449,1
8450,1
8452,1
8453,1
8455,1
8456,1
8457,1
8458,1
8459,1
8462,1
8463,1
8465,1
8466,1
8467,1
8469,1
8470,1
8471,1
8474,1
8475,1
8478,1
8479,1
8480,1
8487,1
8489,1
8490,1
8493,1
8494,1
8495,1
8496,1
8499,1
8500,1
8501,1
8502,1
8503,1
8504,1
8506,1
8508,1
8512,1
8513,1
8514,1
8516,1
8518,1
8519,1
8520,1
8521,1
8523,1
8524,1
8525,1
8526,1
8527,1
8528,1
8530,1
8532,1
8533,1
8534,1
8535,1
8536,1
8538,1
8540,1
8541,1
8542,1
8543,1
8546,1
8548,1
8549,1
8550,1
8552,1
8553,1
8555,1
8558,1
8559,1
8560,1
8565,1
8573,1
8574,1
8579,1
8581,1
8582,1
8584,1
8587,1
8588,1
8595,1
8596,1
8597,1
8598,1
8599,1
8604,1
8605,1
8606,1
8608,1
8609,1
8611,1
8616,1
8617,1
8619,1
8622,1
8624,1
8625,1
8626,1
8627,1
8632,1
8633,1
8635,1
8636,1
8637,1
8638,1
8639,1
8641,1
8642,1
8643,1
8644,1
8645,1
8646,1
8652,1
8655,1
8656,1
8657,1
8658,1
8659,1
8661,1
8665,1
8668,1
8669,1
8670,1
8671,1
8674,1
8676,1
8678,1
8679,1
8690,1
8692,1
8694,1
8695,1
8697,1
8702,1
8703,1
8704,1
8705,1
8707,1
8708,1
8709,1
8711,1
8715,1
8716,1
8717,1
8723,1
8725,1
8727,1
8728,1
8729,1
8730,1
8731,1
8732,1
8735,1
8736,1
8739,1
8740,1
8743,1
8744,1
8746,1
8748,1
8751,1
8752,1
8753,1
8755,1
8756,1
8757,1
8758,1
8761,1
8764,1
8765,1
8766,1
8767,1
8768,1
8775,1
8781,1
8782,1
8783,1
8788,1
8791,1
8792,1
8794,1
8798,1
8803,1
8805,1
8806,1
2,2
47,2
134,2
294,2
765,2
882,2
886,2
1154,2
1173,2
1515,2
1536,2
1594,2
1906,2
1938,2
2039,2
2047,2
2088,2
2188,2
2217,2
2245,2
2585,2
2612,2
2818,2
2833,2
2852,2
2863,2
2871,2
2900,2
2916,2
2925,2
2962,2
2991,2
3091,2
3112,2
3153,2
3212,2
3393,2
4464,2
4856,2
4942,2
5119,2
5517,2
5761,2
5982,2
6004,2
6034,2
6234,2
6372,2
6598,2
6618,2
6996,2
7094,2
7854,2
7929,2
7994,2
8411,2
8457,2
8497,2
8626,2
8627,2
8633,2
8747,2
3,3
4,3
6,3
7,3
11,3
12,3
14,3
15,3
17,3
19,3
20,3
21,3
23,3
24,3
27,3
31,3
32,3
34,3
35,3
36,3
37,3
46,3
48,3
65,3
69,3
71,3
72,3
75,3
76,3
78,3
79,3
80,3
81,3
84,3
86,3
87,3
88,3
89,3
90,3
94,3
101,3
103,3
104,3
111,3
113,3
114,3
120,3
122,3
124,3
129,3
131,3
133,3
148,3
149,3
166,3
181,3
182,3
186,3
187,3
188,3
190,3
195,3
197,3
198,3
214,3
215,3
219,3
222,3
223,3
224,3
225,3
226,3
227,3
231,3
235,3
236,3
237,3
238,3
239,3
240,3
241,3
243,3
244,3
245,3
246,3
247,3
249,3
250,3
251,3
253,3
256,3
257,3
258,3
259,3
261,3
262,3
263,3
269,3
288,3
295,3
310,3
319,3
321,3
332,3
337,3
340,3
363,3
364,3
365,3
368,3
369,3
370,3
372,3
373,3
374,3
376,3
377,3
380,3
382,3
385,3
388,3
389,3
395,3
396,3
397,3
398,3
399,3
400,3
401,3
405,3
406,3
407,3
408,3
409,3
410,3
412,3
413,3
414,3
415,3
417,3
418,3
419,3
420,3
421,3
422,3
423,3
424,3
425,3
428,3
429,3
431,3
432,3
433,3
436,3
439,3
442,3
444,3
445,3
455,3
456,3
459,3
462,3
465,3
466,3
467,3
468,3
469,3
471,3
472,3
476,3
477,3
480,3
481,3
482,3
483,3
484,3
485,3
486,3
488,3
491,3
496,3
498,3
499,3
501,3
502,3
505,3
506,3
508,3
547,3
550,3
551,3
553,3
561,3
571,3
572,3
578,3
581,3
587,3
588,3
591,3
617,3
620,3
622,3
624,3
625,3
627,3
630,3
633,3
634,3
638,3
640,3
641,3
642,3
645,3
646,3
647,3
648,3
650,3
653,3
654,3
659,3
664,3
667,3
671,3
672,3
673,3
684,3
688,3
690,3
691,3
692,3
693,3
694,3
696,3
698,3
701,3
705,3
707,3
708,3
711,3
713,3
715,3
716,3
718,3
721,3
726,3
730,3
731,3
733,3
739,3
752,3
760,3
761,3
762,3
772,3
782,3
806,3
807,3
808,3
812,3
816,3
828,3
830,3
832,3
833,3
836,3
842,3
843,3
845,3
846,3
848,3
850,3
852,3
853,3
855,3
857,3
859,3
862,3
865,3
876,3
887,3
889,3
894,3
898,3
899,3
913,3
924,3
926,3
928,3
930,3
937,3
938,3
939,3
940,3
941,3
942,3
958,3
959,3
961,3
962,3
964,3
965,3
966,3
968,3
988,3
993,3
1001,3
1006,3
1007,3
1008,3
1009,3
1010,3
1011,3
1026,3
1029,3
1039,3
1055,3
1057,3
1072,3
1073,3
1074,3
1075,3
1077,3
1078,3
1079,3
1083,3
1093,3
1095,3
1096,3
1097,3
1117,3
1131,3
1133,3
1160,3
1181,3
1184,3
1194,3
1208,3
1215,3
1225,3
1226,3
1236,3
1247,3
1248,3
1250,3
1251,3
1256,3
1263,3
1272,3
1277,3
1290,3
1300,3
1382,3
1383,3
1419,3
1437,3
1443,3
1463,3
1472,3
1483,3
1519,3
1532,3
1534,3
1557,3
1565,3
1582,3
1586,3
1597,3
1601,3
1653,3
1669,3
1724,3
1745,3
1746,3
1779,3
1787,3
1829,3
1890,3
1891,3
1893,3
1915,3
1920,3
1953,3
1954,3
1957,3
1969,3
1974,3
1984,3
1987,3
1993,3
2005,3
2015,3
2041,3
2059,3
2102,3
2115,3
2124,3
2129,3
2148,3
2153,3
2165,3
2167,3
2183,3
2195,3
2223,3
2237,3
2253,3
2262,3
2264,3
2327,3
2336,3
2371,3
2395,3
2426,3
2433,3
2437,3
2484,3
2485,3
2489,3
2490,3
2496,3
2536,3
2561,3
2569,3
2570,3
2575,3
2594,3
2595,3
2596,3
2620,3
2640,3
2642,3
2700,3
2740,3
2753,3
2760,3
2773,3
2775,3
2786,3
2788,3
2812,3
2813,3
2815,3
2832,3
2841,3
2858,3
2859,3
2865,3
2885,3
2894,3
2910,3
2923,3
2943,3
2983,3
2992,3
3031,3
3057,3
3065,3
3073,3
3084,3
3087,3
3094,3
3114,3
3116,3
3139,3
3155,3
3157,3
3168,3
3178,3
3200,3
3214,3
3217,3
3226,3
3232,3
3258,3
3285,3
3347,3
3358,3
3362,3
3377,3
3391,3
3394,3
3395,3
3396,3
3397,3
3398,3
3400,3
3405,3
3436,3
3437,3
3456,3
3470,3
3480,3
3493,3
3494,3
3502,3
3525,3
3540,3
3548,3
3551,3
3563,3
3569,3
3571,3
3593,3
3600,3
3629,3
3636,3
3672,3
3675,3
3678,3
3685,3
3711,3
3749,3
3790,3
3797,3
3803,3
3815,3
3825,3
3838,3
3844,3
3845,3
3846,3
3847,3
3848,3
3849,3
3850,3
3851,3
3852,3
3854,3
3857,3
3881,3
3883,3
3894,3
3896,3
3897,3
3908,3
3910,3
3934,3
3948,3
3954,3
3969,3
3977,3
3985,3
3988,3
3997,3
4013,3
4016,3
4026,3
4030,3
4036,3
4050,3
4056,3
4057,3
4062,3
4106,3
4110,3
4150,3
4151,3
4154,3
4157,3
4172,3
4180,3
4185,3
4200,3
4214,3
4216,3
4217,3
4231,3
4235,3
4243,3
4251,3
4259,3
4264,3
4266,3
4306,3
4319,3
4323,3
4324,3
4326,3
4341,3
4345,3
4372,3
4373,3
4390,3
4399,3
4416,3
4462,3
4472,3
4482,3
4492,3
4498,3
4512,3
4515,3
4521,3
4522,3
4530,3
4535,3
4537,3
4542,3
4544,3
4565,3
4567,3
4607,3
4628,3
4638,3
4641,3
4649,3
4651,3
4655,3
4678,3
4685,3
4711,3
4718,3
4768,3
4832,3
4833,3
4857,3
4893,3
4895,3
4897,3
4898,3
4901,3
4907,3
4909,3
4911,3
4914,3
4915,3
4982,3
5000,3
5046,3
5050,3
5069,3
5090,3
5106,3
5110,3
5121,3
5129,3
5146,3
5156,3
5157,3
5185,3
5192,3
5193,3
5194,3
5195,3
5216,3
5217,3
5243,3
5255,3
5257,3
5260,3
5282,3
5292,3
5336,3
5337,3
5339,3
5340,3
5353,3
5357,3
5358,3
5361,3
5394,3
5402,3
5459,3
5476,3
5489,3
5555,3
5735,3
5776,3
5787,3
5788,3
5789,3
5790,3
5791,3
5792,3
5800,3
5839,3
5871,3
5896,3
5920,3
5965,3
5975,3
5990,3
6008,3
6017,3
6046,3
6102,3
6174,3
6229,3
6266,3
6276,3
6288,3
6298,3
6348,3
6361,3
6379,3
6386,3
6390,3
6405,3
6406,3
6407,3
6431,3
6462,3
6463,3
6464,3
6470,3
6472,3
6505,3
6506,3
6507,3
6508,3
6509,3
6510,3
6521,3
6532,3
6536,3
6595,3
6619,3
6646,3
6661,3
6680,3
6685,3
6686,3
6694,3
6698,3
6710,3
6719,3
6742,3
6762,3
6764,3
6774,3
6858,3
6907,3
6927,3
6990,3
7002,3
7018,3
7034,3
7046,3
7105,3
7109,3
7117,3
7134,3
7139,3
7147,3
7197,3
7210,3
7215,3
7223,3
7227,3
7228,3
7229,3
7230,3
7232,3
7233,3
7234,3
7236,3
7244,3
7256,3
7279,3
7288,3
7290,3
7292,3
7311,3
7318,3
7319,3
7320,3
7339,3
7340,3
7350,3
7393,3
7406,3
7415,3
7439,3
7447,3
7456,3
7484,3
7541,3
7544,3
7551,3
7563,3
7587,3
7625,3
7633,3
7646,3
7674,3
7734,3
7761,3
7763,3
7778,3
7780,3
7796,3
7813,3
7814,3
7816,3
7839,3
7849,3
7863,3
7894,3
7930,3
7943,3
8110,3
8138,3
8161,3
8181,3
8200,3
8207,3
8231,3
8329,3
8330,3
8348,3
8369,3
8377,3
8393,3
8434,3
8451,3
8482,3
8545,3
8586,3
8593,3
8594,3
8603,3
8610,3
8623,3
8680,3
8691,3
8719,3
8760,3
8784,3
8786,3
8804,3
5,4
25,4
30,4
40,4
51,4
67,4
70,4
106,4
115,4
117,4
119,4
127,4
191,4
193,4
196,4
200,4
201,4
202,4
203,4
204,4
205,4
206,4
207,4
208,4
209,4
210,4
211,4
212,4
216,4
217,4
218,4
254,4
260,4
267,4
298,4
302,4
384,4
411,4
416,4
519,4
529,4
542,4
543,4
552,4
736,4
737,4
851,4
872,4
874,4
877,4
878,4
893,4
904,4
910,4
912,4
914,4
919,4
960,4
974,4
975,4
999,4
1017,4
1018,4
1019,4
1020,4
1021,4
1022,4
1023,4
1024,4
1038,4
1061,4
1070,4
1076,4
1088,4
1094,4
1099,4
1109,4
1115,4
1116,4
1123,4
1142,4
1166,4
1203,4
1204,4
1228,4
1229,4
1231,4
1245,4
1266,4
1282,4
1283,4
1292,4
1294,4
1296,4
1306,4
1317,4
1377,4
1389,4
1411,4
1423,4
1424,4
1427,4
1429,4
1430,4
1442,4
1473,4
1490,4
1492,4
1521,4
1543,4
1562,4
1590,4
1619,4
1639,4
1654,4
1671,4
1674,4
1675,4
1676,4
1677,4
1679,4
1680,4
1681,4
1684,4
1703,4
1713,4
1742,4
1778,4
1796,4
1843,4
1854,4
1859,4
1862,4
1863,4
1864,4
1866,4
1867,4
1870,4
1886,4
1898,4
1939,4
1940,4
1941,4
1942,4
1943,4
1944,4
1945,4
1946,4
1947,4
1951,4
1958,4
1972,4
1973,4
1975,4
1976,4
1977,4
1978,4
1983,4
2016,4
2017,4
2018,4
2019,4
2020,4
2021,4
2024,4
2026,4
2027,4
2031,4
2075,4
2083,4
2087,4
2104,4
2127,4
2142,4
2187,4
2194,4
2205,4
2207,4
2265,4
2266,4
2267,4
2268,4
2269,4
2270,4
2271,4
2272,4
2273,4
2274,4
2275,4
2277,4
2278,4
2279,4
2280,4
2281,4
2282,4
2283,4
2285,4
2286,4
2287,4
2288,4
2289,4
2290,4
2291,4
2292,4
2293,4
2335,4
2337,4
2339,4
2340,4
2341,4
2343,4
2348,4
2354,4
2390,4
2393,4
2414,4
2415,4
2421,4
2446,4
2459,4
2473,4
2501,4
2535,4
2540,4
2545,4
2546,4
2563,4
2565,4
2588,4
2590,4
2611,4
2614,4
2626,4
2627,4
2630,4
2643,4
2645,4
2664,4
2665,4
2671,4
2684,4
2686,4
2716,4
2717,4
2718,4
2721,4
2722,4
2723,4
2724,4
2725,4
2726,4
2727,4
2729,4
2730,4
2731,4
2732,4
2733,4
2734,4
2735,4
2736,4
2738,4
2739,4
2742,4
2748,4
2751,4
2752,4
2757,4
2761,4
2766,4
2767,4
2793,4
2811,4
2816,4
2834,4
2842,4
2851,4
2857,4
2870,4
2874,4
2897,4
2899,4
2917,4
2918,4
2936,4
2941,4
2955,4
2958,4
2970,4
2986,4
2987,4
2988,4
3005,4
3007,4
3023,4
3033,4
3037,4
3049,4
3061,4
3078,4
3079,4
3127,4
3132,4
3133,4
3134,4
3135,4
3136,4
3137,4
3140,4
3142,4
3143,4
3144,4
3146,4
3148,4
3150,4
3159,4
3164,4
3190,4
3194,4
3196,4
3197,4
3199,4
3202,4
3207,4
3225,4
3234,4
3252,4
3255,4
3268,4
3269,4
3279,4
3294,4
3300,4
3313,4
3335,4
3360,4
3404,4
3413,4
3447,4
3464,4
3465,4
3467,4
3468,4
3469,4
3482,4
3487,4
3497,4
3499,4
3510,4
3517,4
3531,4
3532,4
3533,4
3538,4
3564,4
3565,4
3567,4
3570,4
3590,4
3594,4
3595,4
3603,4
3617,4
3631,4
3632,4
3656,4
3659,4
3662,4
3700,4
3702,4
3714,4
3715,4
3730,4
3740,4
3741,4
3751,4
3766,4
3769,4
3782,4
3784,4
3789,4
3791,4
3805,4
3820,4
3823,4
3869,4
3875,4
3886,4
3891,4
3900,4
3911,4
3912,4
3914,4
3915,4
3916,4
3917,4
3918,4
3919,4
3933,4
3940,4
3951,4
3963,4
3976,4
3982,4
3998,4
4003,4
4055,4
4073,4
4082,4
4086,4
4089,4
4095,4
4098,4
4099,4
4102,4
4103,4
4104,4
4107,4
4108,4
4109,4
4113,4
4135,4
4152,4
4153,4
4159,4
4183,4
4188,4
4189,4
4191,4
4198,4
4210,4
4222,4
4225,4
4226,4
4256,4
4258,4
4284,4
4286,4
4288,4
4304,4
4336,4
4347,4
4358,4
4359,4
4389,4
4392,4
4394,4
4395,4
4396,4
4412,4
4421,4
4422,4
4423,4
4424,4
4425,4
4426,4
4427,4
4428,4
4430,4
4432,4
4433,4
4434,4
4438,4
4439,4
4440,4
4441,4
4442,4
4443,4
4444,4
4445,4
4446,4
4447,4
4449,4
4450,4
4452,4
4453,4
4454,4
4455,4
4456,4
4457,4
4458,4
4459,4
4460,4
4465,4
4466,4
4467,4
4478,4
4497,4
4503,4
4507,4
4508,4
4510,4
4538,4
4557,4
4559,4
4560,4
4561,4
4562,4
4563,4
4564,4
4566,4
4568,4
4569,4
4570,4
4572,4
4573,4
4574,4
4575,4
4576,4
4577,4
4578,4
4579,4
4580,4
4581,4
4582,4
4583,4
4584,4
4585,4
4586,4
4587,4
4588,4
4589,4
4593,4
4594,4
4595,4
4596,4
4597,4
4598,4
4599,4
4600,4
4601,4
4602,4
4603,4
4604,4
4606,4
4608,4
4610,4
4611,4
4612,4
4613,4
4614,4
4615,4
4661,4
4667,4
4668,4
4669,4
4670,4
4680,4
4681,4
4682,4
4686,4
4691,4
4692,4
4693,4
4694,4
4695,4
4701,4
4702,4
4713,4
4714,4
4715,4
4720,4
4721,4
4722,4
4723,4
4724,4
4725,4
4726,4
4727,4
4728,4
4729,4
4730,4
4731,4
4732,4
4733,4
4734,4
4735,4
4736,4
4737,4
4738,4
4756,4
4791,4
4793,4
4794,4
4796,4
4797,4
4798,4
4801,4
4803,4
4826,4
4840,4
4861,4
4886,4
4887,4
4900,4
4905,4
4946,4
4949,4
4953,4
4954,4
4955,4
4956,4
4957,4
4976,4
4996,4
5008,4
5009,4
5010,4
5013,4
5015,4
5021,4
5022,4
5041,4
5080,4
5081,4
5089,4
5123,4
5131,4
5132,4
5136,4
5143,4
5152,4
5184,4
5187,4
5215,4
5218,4
5221,4
5291,4
5296,4
5297,4
5301,4
5304,4
5305,4
5310,4
5335,4
5338,4
5372,4
5392,4
5397,4
5399,4
5401,4
5409,4
5421,4
5430,4
5442,4
5448,4
5453,4
5456,4
5461,4
5462,4
5463,4
5470,4
5473,4
5482,4
5483,4
5486,4
5500,4
5501,4
5506,4
5516,4
5546,4
5548,4
5550,4
5572,4
5575,4
5585,4
5588,4
5600,4
5617,4
5618,4
5619,4
5630,4
5648,4
5652,4
5697,4
5702,4
5706,4
5711,4
5719,4
5768,4
5779,4
5834,4
5838,4
5962,4
5963,4
5967,4
5969,4
5970,4
5971,4
6002,4
6023,4
6025,4
6029,4
6036,4
6056,4
6064,4
6072,4
6073,4
6074,4
6075,4
6076,4
6077,4
6079,4
6093,4
6103,4
6104,4
6107,4
6108,4
6126,4
6131,4
6151,4
6160,4
6166,4
6167,4
6168,4
6169,4
6177,4
6203,4
6204,4
6207,4
6217,4
6218,4
6233,4
6247,4
6255,4
6256,4
6278,4
6290,4
6293,4
6294,4
6295,4
6296,4
6297,4
6299,4
6300,4
6301,4
6314,4
6315,4
6321,4
6351,4
6360,4
6375,4
6404,4
6419,4
6433,4
6437,4
6439,4
6440,4
6441,4
6450,4
6455,4
6465,4
6466,4
6473,4
6486,4
6496,4
6513,4
6516,4
6518,4
6523,4
6531,4
6542,4
6547,4
6554,4
6555,4
6565,4
6568,4
6569,4
6570,4
6578,4
6581,4
6589,4
6602,4
6603,4
6605,4
6611,4
6655,4
6667,4
6668,4
6669,4
6670,4
6695,4
6708,4
6734,4
6738,4
6740,4
6745,4
6758,4
6821,4
6826,4
6832,4
6833,4
6845,4
6852,4
6865,4
6871,4
6888,4
6892,4
6908,4
6913,4
6937,4
6961,4
6967,4
6974,4
6976,4
6989,4
6994,4
7000,4
7021,4
7023,4
7024,4
7036,4
7054,4
7065,4
7069,4
7080,4
7095,4
7096,4
7100,4
7103,4
7110,4
7116,4
7118,4
7119,4
7130,4
7136,4
7138,4
7142,4
7145,4
7159,4
7160,4
7161,4
7162,4
7163,4
7164,4
7166,4
7168,4
7169,4
7170,4
7172,4
7174,4
7175,4
7184,4
7185,4
7186,4
7187,4
7188,4
7189,4
7190,4
7191,4
7213,4
7225,4
7231,4
7239,4
7243,4
7248,4
7250,4
7260,4
7266,4
7281,4
7309,4
7338,4
7347,4
7361,4
7362,4
7364,4
7365,4
7367,4
7373,4
7381,4
7382,4
7383,4
7384,4
7387,4
7388,4
7389,4
7394,4
7395,4
7401,4
7402,4
7408,4
7414,4
7420,4
7423,4
7429,4
7438,4
7451,4
7454,4
7459,4
7463,4
7476,4
7513,4
7514,4
7525,4
7533,4
7553,4
7555,4
7558,4
7566,4
7583,4
7591,4
7596,4
7597,4
7653,4
7654,4
7663,4
7666,4
7681,4
7683,4
7689,4
7692,4
7703,4
7707,4
7708,4
7713,4
7718,4
7720,4
7737,4
7740,4
7743,4
7745,4
7760,4
7790,4
7792,4
7802,4
7804,4
7806,4
7807,4
7820,4
7822,4
7825,4
7826,4
7828,4
7829,4
7831,4
7833,4
7836,4
7838,4
7846,4
7862,4
7870,4
7872,4
7873,4
7874,4
7875,4
7889,4
7899,4
7903,4
7911,4
7914,4
7918,4
7920,4
7922,4
7923,4
7924,4
7926,4
7927,4
7932,4
7933,4
7938,4
7939,4
7940,4
7941,4
7944,4
7945,4
7993,4
7995,4
7996,4
7997,4
8000,4
8005,4
8009,4
8013,4
8017,4
8024,4
8048,4
8091,4
8099,4
8115,4
8121,4
8122,4
8123,4
8125,4
8137,4
8145,4
8146,4
8150,4
8157,4
8162,4
8171,4
8172,4
8173,4
8174,4
8226,4
8236,4
8265,4
8268,4
8310,4
8322,4
8333,4
8350,4
8351,4
8353,4
8374,4
8392,4
8460,4
8476,4
8505,4
8572,4
8579,4
8591,4
8592,4
8607,4
8612,4
8629,4
8630,4
8631,4
8639,4
8640,4
8648,4
8653,4
8663,4
8666,4
8672,4
8673,4
8675,4
8681,4
8682,4
8684,4
8688,4
8689,4
8696,4
8697,4
8703,4
8714,4
8728,4
8739,4
8763,4
8770,4
8771,4
8772,4
8773,4
8774,4
8776,4
8799,4
8800,4
8807,4
8,5
2301,5
2937,5
3145,5
3961,5
8,6
8,7
9,7
33,7
66,7
73,7
95,7
96,7
99,7
116,7
118,7
123,7
137,7
142,7
156,7
178,7
192,7
229,7
234,7
284,7
285,7
286,7
293,7
305,7
328,7
341,7
348,7
349,7
358,7
367,7
390,7
403,7
515,7
516,7
520,7
524,7
528,7
539,7
541,7
573,7
577,7
584,7
586,7
590,7
599,7
605,7
607,7
610,7
611,7
682,7
725,7
753,7
755,7
759,7
781,7
790,7
817,7
822,7
875,7
892,7
915,7
933,7
934,7
935,7
946,7
948,7
951,7
963,7
998,7
1014,7
1015,7
1020,7
1034,7
1036,7
1050,7
1059,7
1098,7
1106,7
1112,7
1126,7
1130,7
1139,7
1145,7
1146,7
1148,7
1152,7
1154,7
1161,7
1162,7
1167,7
1176,7
1183,7
1191,7
1193,7
1198,7
1204,7
1206,7
1207,7
1218,7
1229,7
1252,7
1281,7
1285,7
1288,7
1291,7
1302,7
1309,7
1313,7
1318,7
1358,7
1360,7
1371,7
1381,7
1391,7
1398,7
1420,7
1428,7
1459,7
1464,7
1468,7
1481,7
1507,7
1508,7
1509,7
1511,7
1513,7
1535,7
1542,7
1550,7
1552,7
1604,7
1614,7
1619,7
1620,7
1625,7
1629,7
1649,7
1651,7
1690,7
1699,7
1765,7
1776,7
1809,7
1813,7
1815,7
1828,7
1833,7
1836,7
1843,7
1848,7
1860,7
1883,7
1887,7
1917,7
1931,7
1960,7
1986,7
1992,7
1998,7
1999,7
2001,7
2007,7
2012,7
2014,7
2044,7
2054,7
2081,7
2086,7
2098,7
2121,7
2122,7
2132,7
2139,7
2150,7
2185,7
2214,7
2222,7
2224,7
2228,7
2296,7
2306,7
2315,7
2324,7
2344,7
2380,7
2382,7
2385,7
2456,7
2477,7
2497,7
2515,7
2531,7
2554,7
2563,7
2586,7
2597,7
2610,7
2629,7
2633,7
2641,7
2657,7
2658,7
2678,7
2694,7
2707,7
2713,7
2737,7
2743,7
2745,7
2747,7
2794,7
2795,7
2806,7
2808,7
2828,7
2853,7
2861,7
2867,7
2902,7
2912,7
2965,7
2980,7
2984,7
3009,7
3019,7
3022,7
3035,7
3039,7
3046,7
3055,7
3117,7
3122,7
3126,7
3158,7
3159,7
3170,7
3180,7
3198,7
3209,7
3262,7
3265,7
3274,7
3295,7
3296,7
3307,7
3311,7
3333,7
3348,7
3367,7
3375,7
3390,7
3401,7
3402,7
3409,7
3422,7
3448,7
3450,7
3453,7
3479,7
3512,7
3529,7
3530,7
3544,7
3547,7
3552,7
3559,7
3574,7
3575,7
3630,7
3704,7
3710,7
3775,7
3818,7
3821,7
3822,7
3858,7
3865,7
3872,7
3906,7
3909,7
3937,7
3939,7
3962,7
3970,7
4003,7
4015,7
4017,7
4063,7
4090,7
4096,7
4130,7
4134,7
4167,7
4176,7
4184,7
4203,7
4207,7
4218,7
4230,7
4232,7
4233,7
4236,7
4247,7
4248,7
4263,7
4265,7
4295,7
4297,7
4320,7
4368,7
4405,7
4432,7
4476,7
4493,7
4502,7
4509,7
4511,7
4520,7
4533,7
4538,7
4543,7
4545,7
4546,7
4548,7
4549,7
4550,7
4551,7
4552,7
4553,7
4554,7
4555,7
4556,7
4609,7
4617,7
4627,7
4660,7
4662,7
4690,7
4706,7
4759,7
4761,7
4778,7
4807,7
4808,7
4810,7
4821,7
4869,7
4876,7
4928,7
4933,7
4942,7
4952,7
4958,7
4959,7
4964,7
4968,7
4969,7
4974,7
4990,7
4993,7
5024,7
5029,7
5031,7
5033,7
5043,7
5058,7
5075,7
5091,7
5098,7
5112,7
5118,7
5150,7
5151,7
5205,7
5207,7
5226,7
5244,7
5252,7
5258,7
5313,7
5324,7
5345,7
5364,7
5366,7
5367,7
5398,7
5414,7
5432,7
5445,7
5449,7
5451,7
5452,7
5456,7
5467,7
5468,7
5491,7
5504,7
5554,7
5556,7
5559,7
5571,7
5574,7
5584,7
5608,7
5611,7
5626,7
5642,7
5663,7
5667,7
5675,7
5681,7
5717,7
5724,7
5727,7
5739,7
5753,7
5796,7
5799,7
5802,7
5803,7
5805,7
5807,7
5813,7
5815,7
5822,7
5823,7
5824,7
5827,7
5834,7
5849,7
5860,7
5861,7
5894,7
5909,7
5926,7
5936,7
5940,7
5954,7
5968,7
5985,7
5999,7
6006,7
6022,7
6031,7
6032,7
6052,7
6058,7
6067,7
6082,7
6086,7
6095,7
6100,7
6101,7
6106,7
6117,7
6122,7
6123,7
6127,7
6130,7
6145,7
6150,7
6187,7
6196,7
6198,7
6211,7
6214,7
6254,7
6261,7
6271,7
6279,7
6305,7
6310,7
6312,7
6323,7
6342,7
6352,7
6353,7
6362,7
6364,7
6365,7
6394,7
6399,7
6403,7
6416,7
6423,7
6428,7
6447,7
6460,7
6461,7
6474,7
6488,7
6490,7
6491,7
6493,7
6499,7
6501,7
6517,7
6519,7
6524,7
6550,7
6561,7
6566,7
6567,7
6571,7
6577,7
6586,7
6598,7
6607,7
6608,7
6610,7
6620,7
6624,7
6631,7
6632,7
6635,7
6657,7
6660,7
6671,7
6682,7
6687,7
6696,7
6712,7
6715,7
6717,7
6725,7
6733,7
6743,7
6749,7
6760,7
6761,7
6773,7
6780,7
6784,7
6786,7
6788,7
6789,7
6793,7
6809,7
6811,7
6812,7
6813,7
6818,7
6835,7
6836,7
6841,7
6855,7
6864,7
6867,7
6879,7
6880,7
6884,7
6885,7
6890,7
6895,7
6896,7
6903,7
6910,7
6919,7
6923,7
6925,7
6931,7
6956,7
6972,7
6973,7
6979,7
6999,7
7001,7
7005,7
7013,7
7017,7
7026,7
7029,7
7037,7
7043,7
7048,7
7062,7
7066,7
7070,7
7077,7
7079,7
7081,7
7084,7
7099,7
7101,7
7135,7
7141,7
7157,7
7167,7
7196,7
7200,7
7207,7
7216,7
7221,7
7222,7
7224,7
7245,7
7267,7
7271,7
7280,7
7302,7
7308,7
7327,7
7328,7
7333,7
7334,7
7342,7
7354,7
7355,7
7392,7
7399,7
7400,7
7403,7
7418,7
7419,7
7435,7
7436,7
7452,7
7466,7
7472,7
7473,7
7486,7
7489,7
7505,7
7506,7
7507,7
7539,7
7546,7
7548,7
7550,7
7569,7
7572,7
7573,7
7574,7
7575,7
7598,7
7623,7
7630,7
7631,7
7632,7
7634,7
7659,7
7672,7
7675,7
7684,7
7687,7
7688,7
7700,7
7725,7
7726,7
7748,7
7749,7
7752,7
7759,7
7805,7
7810,7
7847,7
7851,7
7856,7
7858,7
7865,7
7866,7
7871,7
7878,7
7890,7
7892,7
7950,7
7961,7
7966,7
7970,7
7974,7
7976,7
7978,7
7979,7
7980,7
7982,7
7989,7
8003,7
8004,7
8012,7
8042,7
8054,7
8057,7
8062,7
8067,7
8070,7
8082,7
8085,7
8097,7
8102,7
8104,7
8117,7
8120,7
8130,7
8139,7
8149,7
8167,7
8168,7
8172,7
8185,7
8199,7
8202,7
8209,7
8210,7
8215,7
8217,7
8223,7
8226,7
8229,7
8248,7
8251,7
8262,7
8264,7
8267,7
8269,7
8287,7
8292,7
8294,7
8295,7
8300,7
8303,7
8310,7
8311,7
8316,7
8327,7
8328,7
8332,7
8335,7
8354,7
8355,7
8357,7
8358,7
8364,7
8365,7
8367,7
8370,7
8378,7
8388,7
8399,7
8404,7
8407,7
8408,7
8411,7
8412,7
8421,7
8432,7
8447,7
8448,7
8453,7
8458,7
8465,7
8477,7
8484,7
8488,7
8492,7
8495,7
8497,7
8517,7
8522,7
8526,7
8531,7
8537,7
8539,7
8540,7
8554,7
8559,7
8562,7
8565,7
8566,7
8583,7
8584,7
8600,7
8602,7
8604,7
8605,7
8615,7
8617,7
8618,7
8620,7
8628,7
8633,7
8639,7
8641,7
8647,7
8649,7
8655,7
8659,7
8662,7
8669,7
8675,7
8677,7
8686,7
8693,7
8698,7
8704,7
8713,7
8724,7
8728,7
8729,7
8730,7
8733,7
8734,7
8738,7
8741,7
8742,7
8745,7
8759,7
8787,7
8,8
13,8
130,8
143,8
173,8
352,8
386,8
390,8
458,8
479,8
541,8
560,8
566,8
567,8
595,8
596,8
605,8
609,8
611,8
666,8
706,8
803,8
817,8
916,8
1000,8
1032,8
1034,8
1124,8
1139,8
1161,8
1199,8
1227,8
1253,8
1257,8
1268,8
1295,8
1468,8
1507,8
1593,8
1608,8
1641,8
1743,8
1765,8
1800,8
1821,8
1916,8
1952,8
1989,8
1992,8
1998,8
2012,8
2056,8
2057,8
2071,8
2151,8
2154,8
2186,8
2192,8
2211,8
2312,8
2328,8
2397,8
2456,8
2512,8
2554,8
2672,8
2674,8
2745,8
2777,8
2778,8
2784,8
2844,8
2856,8
2896,8
2915,8
3003,8
3009,8
3013,8
3067,8
3068,8
3126,8
3135,8
3253,8
3260,8
3353,8
3375,8
3473,8
3503,8
3673,8
3677,8
3736,8
3768,8
3773,8
3931,8
4171,8
4274,8
4293,8
4317,8
4356,8
4401,8
4403,8
4670,8
4677,8
4844,8
4872,8
4876,8
4916,8
4925,8
4948,8
4964,8
4972,8
4998,8
5012,8
5029,8
5056,8
5107,8
5119,8
5144,8
5190,8
5223,8
5224,8
5249,8
5307,8
5347,8
5488,8
5517,8
5527,8
5528,8
5529,8
5601,8
5606,8
5633,8
5635,8
5636,8
5665,8
5677,8
5687,8
5718,8
5739,8
5903,8
5993,8
6082,8
6123,8
6124,8
6166,8
6171,8
6260,8
6287,8
6306,8
6344,8
6388,8
6428,8
6433,8
6443,8
6489,8
6502,8
6503,8
6511,8
6517,8
6541,8
6558,8
6559,8
6600,8
6635,8
6649,8
6650,8
6737,8
6756,8
6791,8
6794,8
6806,8
6811,8
6812,8
6813,8
6872,8
6889,8
6929,8
7012,8
7028,8
7058,8
7078,8
7079,8
7094,8
7153,8
7157,8
7224,8
7337,8
7355,8
7442,8
7489,8
7504,8
7511,8
7519,8
7624,8
7631,8
7632,8
7685,8
7731,8
7755,8
7854,8
7858,8
7892,8
7902,8
8004,8
8147,8
8164,8
8167,8
8168,8
8235,8
8255,8
8374,8
8383,8
8397,8
8404,8
8407,8
8412,8
8414,8
8441,8
8454,8
8474,8
8499,8
8597,8
8618,8
8662,8
8669,8
8730,8
8,9
13,10
556,10
881,10
1036,10
1833,10
1916,10
4477,10
4531,10
4674,10
5084,10
5487,10
5634,10
6428,10
6526,10
6635,10
7012,10
7731,10
8054,10
8229,10
8455,10
8466,10
8605,10
18,11
135,11
283,11
312,11
333,11
626,11
751,11
767,11
870,11
895,11
921,11
1003,11
1013,11
1028,11
1147,11
1320,11
1322,11
1352,11
1393,11
1441,11
1461,11
1550,11
1784,11
1841,11
1858,11
1902,11
1914,11
1926,11
2008,11
2105,11
2236,11
2318,11
2401,11
2416,11
2468,11
2499,11
2537,11
2600,11
2649,11
2670,11
2790,11
2873,11
2922,11
2930,11
2972,11
2997,11
3047,11
3069,11
3105,11
3119,11
3213,11
3233,11
3254,11
3280,11
3288,11
3350,11
3354,11
3366,11
3445,11
3460,11
3489,11
3491,11
3597,11
3626,11
3707,11
3712,11
3755,11
3762,11
3804,11
3808,11
3809,11
3861,11
3887,11
3907,11
3945,11
3964,11
3981,11
4168,11
4182,11
4237,11
4307,11
4332,11
4355,11
4362,11
4381,11
4491,11
4639,11
4677,11
4698,11
4739,11
4750,11
4751,11
4776,11
4800,11
4811,11
4836,11
4853,11
4867,11
4881,11
4940,11
4963,11
5053,11
5062,11
5117,11
5143,11
5177,11
5225,11
5250,11
5306,11
5331,11
5343,11
5496,11
5535,11
5592,11
5615,11
5624,11
5653,11
5657,11
5679,11
5707,11
5712,11
5840,11
5873,11
5910,11
5955,11
6084,11
6206,11
6234,11
6409,11
6426,11
6560,11
6627,11
6675,11
6707,11
6779,11
6799,11
6922,11
7015,11
7040,11
7085,11
7144,11
7241,11
7257,11
7258,11
7259,11
7268,11
7306,11
7326,11
7330,11
7430,11
7464,11
7554,11
7841,11
7854,11
7867,11
7898,11
7900,11
7990,11
8022,11
8051,11
8166,11
8178,11
8246,11
8247,11
8359,11
8414,11
8509,11
8700,11
8769,11
22,12
704,12
907,12
973,12
977,12
978,12
979,12
980,12
981,12
982,12
983,12
985,12
986,12
987,12
990,12
991,12
996,12
1163,12
1209,12
1212,12
1213,12
1216,12
1217,12
1220,12
1374,12
1432,12
1595,12
1709,12
1871,12
1889,12
1892,12
1900,12
2025,12
2040,12
2180,12
2255,12
2310,12
2313,12
2361,12
2428,12
2429,12
2606,12
2613,12
2614,12
2616,12
2617,12
2618,12
2619,12
2621,12
2622,12
2644,12
2668,12
2682,12
2824,12
3284,12
3372,12
3403,12
3424,12
3428,12
3449,12
3452,12
3483,12
3508,12
3521,12
3534,12
3570,12
3890,12
3923,12
3924,12
4033,12
4175,12
4277,12
5224,12
5325,12
5389,12
5396,12
5543,12
5582,12
5594,12
5977,12
5979,12
6071,12
6088,12
6205,12
6225,12
6277,12
6286,12
6324,12
6530,12
6548,12
6726,12
6727,12
6728,12
6729,12
6751,12
6874,12
6905,12
6906,12
6909,12
6983,12
7063,12
7158,12
7246,12
7247,12
7296,12
7386,12
7716,12
7916,12
7981,12
8683,12
8721,12
8750,12
8797,12
26,13
109,13
116,13
121,13
123,13
138,13
268,13
286,13
394,13
507,13
537,13
540,13
558,13
566,13
577,13
683,13
861,13
943,13
998,13
1005,13
1239,13
1360,13
1379,13
1507,13
1622,13
1640,13
1717,13
1731,13
1774,13
1798,13
1896,13
1934,13
2043,13
2071,13
2227,13
2228,13
2243,13
2259,13
2329,13
2467,13
2469,13
2530,13
2591,13
2820,13
3040,13
3110,13
3195,13
3346,13
3348,13
3416,13
3492,13
3634,13
3645,13
3688,13
3706,13
3708,13
3765,13
3899,13
4044,13
4310,13
4322,13
4340,13
4489,13
4505,13
4614,13
4671,13
4703,13
4746,13
4747,13
4748,13
4754,13
4771,13
4790,13
4824,13
4835,13
4942,13
5082,13
5113,13
5133,13
5161,13
5275,13
5318,13
5360,13
5390,13
5495,13
5509,13
5559,13
5568,13
5845,13
5846,13
5903,13
6092,13
6199,13
6211,13
6234,13
6257,13
6334,13
6358,13
6376,13
6423,13
6434,13
6456,13
6493,13
6539,13
6557,13
6558,13
6588,13
6627,13
6690,13
6838,13
6848,13
6870,13
6941,13
6948,13
6969,13
6977,13
6984,13
7152,13
7221,13
7283,13
7313,13
7314,13
7315,13
7342,13
7368,13
7437,13
7515,13
7588,13
7637,13
7669,13
7682,13
7694,13
7733,13
7844,13
7902,13
7935,13
7938,13
7950,13
7994,13
8004,13
8007,13
8008,13
8057,13
8097,13
8104,13
8183,13
8244,13
8270,13
8272,13
8334,13
8378,13
8384,13
8411,13
8494,13
8498,13
8553,13
8554,13
8584,13
8651,13
8749,13
30,14
92,14
100,14
116,14
123,14
136,14
189,14
268,14
274,14
300,14
357,14
358,14
366,14
390,14
497,14
509,14
513,14
554,14
579,14
607,14
610,14
635,14
662,14
735,14
751,14
803,14
817,14
840,14
896,14
916,14
933,14
947,14
948,14
956,14
1014,14
1015,14
1049,14
1111,14
1112,14
1139,14
1146,14
1154,14
1161,14
1176,14
1224,14
1229,14
1237,14
1259,14
1330,14
1337,14
1363,14
1366,14
1388,14
1422,14
1429,14
1435,14
1439,14
1468,14
1489,14
1507,14
1550,14
1556,14
1587,14
1600,14
1609,14
1625,14
1720,14
1729,14
1761,14
1765,14
1766,14
1781,14
1821,14
1823,14
1826,14
1827,14
1828,14
1830,14
1832,14
1840,14
1875,14
1985,14
1992,14
1998,14
2002,14
2004,14
2009,14
2032,14
2070,14
2071,14
2080,14
2138,14
2140,14
2164,14
2198,14
2225,14
2226,14
2234,14
2244,14
2261,14
2297,14
2317,14
2319,14
2355,14
2359,14
2362,14
2364,14
2367,14
2396,14
2461,14
2523,14
2547,14
2554,14
2579,14
2586,14
2635,14
2669,14
2676,14
2695,14
2713,14
2798,14
2835,14
2844,14
2861,14
2866,14
2904,14
2912,14
2963,14
2973,14
2982,14
3009,14
3017,14
3019,14
3024,14
3029,14
3041,14
3096,14
3102,14
3120,14
3203,14
3208,14
3211,14
3223,14
3238,14
3256,14
3262,14
3286,14
3298,14
3329,14
3378,14
3392,14
3426,14
3434,14
3435,14
3522,14
3535,14
3543,14
3640,14
3671,14
3676,14
3695,14
3696,14
3731,14
3747,14
3767,14
3834,14
3905,14
3914,14
3965,14
3971,14
4004,14
4035,14
4054,14
4060,14
4067,14
4068,14
4088,14
4268,14
4293,14
4356,14
4361,14
4384,14
4401,14
4410,14
4419,14
4468,14
4513,14
4666,14
4672,14
4706,14
4741,14
4744,14
4749,14
4785,14
4818,14
4837,14
4842,14
4858,14
4877,14
4899,14
4906,14
4926,14
4930,14
4943,14
4945,14
4948,14
5028,14
5100,14
5104,14
5105,14
5144,14
5145,14
5213,14
5220,14
5224,14
5244,14
5261,14
5309,14
5314,14
5324,14
5342,14
5345,14
5362,14
5365,14
5388,14
5456,14
5475,14
5492,14
5499,14
5502,14
5503,14
5532,14
5625,14
5629,14
5637,14
5650,14
5660,14
5677,14
5687,14
5692,14
5715,14
5721,14
5740,14
5741,14
5743,14
5747,14
5751,14
5753,14
5771,14
5830,14
5852,14
5878,14
5903,14
5915,14
5954,14
5955,14
6014,14
6057,14
6058,14
6082,14
6091,14
6092,14
6123,14
6182,14
6195,14
6206,14
6249,14
6302,14
6312,14
6335,14
6337,14
6339,14
6343,14
6388,14
6397,14
6417,14
6418,14
6455,14
6475,14
6489,14
6503,14
6517,14
6526,14
6543,14
6567,14
6609,14
6624,14
6628,14
6629,14
6630,14
6641,14
6684,14
6692,14
6699,14
6714,14
6757,14
6799,14
6809,14
6820,14
6839,14
6879,14
6887,14
6980,14
7048,14
7056,14
7059,14
7094,14
7099,14
7111,14
7128,14
7165,14
7201,14
7212,14
7272,14
7273,14
7274,14
7294,14
7329,14
7332,14
7365,14
7378,14
7379,14
7392,14
7458,14
7466,14
7509,14
7526,14
7540,14
7578,14
7631,14
7632,14
7636,14
7650,14
7668,14
7731,14
7735,14
7747,14
7751,14
7755,14
7758,14
7765,14
7767,14
7768,14
7784,14
7785,14
7786,14
7830,14
7858,14
7915,14
7935,14
7936,14
7955,14
7982,14
7989,14
8015,14
8019,14
8035,14
8054,14
8073,14
8097,14
8103,14
8113,14
8117,14
8121,14
8148,14
8151,14
8164,14
8169,14
8195,14
8198,14
8219,14
8247,14
8255,14
8357,14
8370,14
8371,14
8374,14
8385,14
8396,14
8399,14
8404,14
8424,14
8483,14
8502,14
8547,14
8564,14
8652,14
8704,14
8716,14
8747,14
8777,14
8795,14
8798,14
38,15
666,15
1507,15
2547,15
3260,15
3964,15
6600,15
7966,15
8191,15
8404,15
8747,15
39,16
152,16
163,16
353,16
574,16
575,16
628,16
740,16
906,16
945,16
1050,16
1067,16
1081,16
1085,16
1098,16
1104,16
1152,16
1185,16
1335,16
1346,16
1627,16
1668,16
1763,16
1802,16
1998,16
2007,16
2012,16
2122,16
2206,16
2208,16
2221,16
2263,16
2470,16
2558,16
2563,16
2749,16
2785,16
3016,16
3085,16
3088,16
3185,16
3237,16
3292,16
3303,16
3368,16
3369,16
3382,16
3388,16
3415,16
3488,16
3523,16
3547,16
3566,16
3586,16
3650,16
3651,16
3661,16
3671,16
3683,16
3718,16
3743,16
3792,16
3832,16
3835,16
3840,16
3859,16
3955,16
4149,16
4289,16
4330,16
4334,16
4339,16
4342,16
4343,16
4350,16
4380,16
4471,16
4484,16
4488,16
4500,16
4619,16
4644,16
4657,16
4688,16
4716,16
4761,16
4773,16
4790,16
4823,16
4882,16
4928,16
5027,16
5125,16
5191,16
5233,16
5312,16
5342,16
5383,16
5384,16
5385,16
5387,16
5438,16
5509,16
5671,16
5842,16
5865,16
5874,16
5875,16
5903,16
5991,16
6004,16
6028,16
6381,16
6433,16
6453,16
6471,16
6544,16
6572,16
6606,16
6641,16
6647,16
6718,16
6861,16
6926,16
6953,16
6963,16
6968,16
7041,16
7042,16
7053,16
7212,16
7240,16
7243,16
7284,16
7291,16
7360,16
7391,16
7411,16
7480,16
7597,16
7653,16
7673,16
7677,16
7686,16
7824,16
8033,16
8034,16
8126,16
8142,16
8222,16
8233,16
8308,16
8310,16
8396,16
8561,16
8577,16
8585,16
8589,16
8590,16
8617,16
8703,16
8720,16
39,17
128,17
142,17
158,17
168,17
192,17
301,17
330,17
331,17
338,17
346,17
387,17
392,17
443,17
461,17
470,17
487,17
497,17
511,17
522,17
526,17
536,17
545,17
609,17
612,17
637,17
678,17
697,17
702,17
740,17
744,17
783,17
785,17
805,17
814,17
869,17
886,17
935,17
955,17
1002,17
1014,17
1028,17
1066,17
1102,17
1105,17
1119,17
1120,17
1280,17
1285,17
1355,17
1363,17
1384,17
1409,17
1425,17
1435,17
1436,17
1448,17
1464,17
1486,17
1491,17
1525,17
1535,17
1545,17
1552,17
1564,17
1589,17
1623,17
1627,17
1652,17
1692,17
1696,17
1697,17
1715,17
1720,17
1725,17
1729,17
1735,17
1739,17
1740,17
1747,17
1748,17
1754,17
1759,17
1760,17
1811,17
1813,17
1816,17
1832,17
1872,17
1879,17
1884,17
1888,17
2004,17
2080,17
2082,17
2107,17
2122,17
2130,17
2150,17
2161,17
2175,17
2178,17
2179,17
2184,17
2191,17
2308,17
2311,17
2312,17
2317,17
2378,17
2396,17
2424,17
2441,17
2481,17
2494,17
2543,17
2553,17
2555,17
2563,17
2589,17
2601,17
2657,17
2691,17
2713,17
2756,17
2759,17
2769,17
2770,17
2771,17
2829,17
2848,17
2867,17
2891,17
2934,17
2942,17
2962,17
3012,17
3048,17
3054,17
3067,17
3085,17
3159,17
3209,17
3227,17
3247,17
3296,17
3318,17
3321,17
3324,17
3346,17
3351,17
3392,17
3425,17
3450,17
3451,17
3485,17
3509,17
3554,17
3585,17
3635,17
3645,17
3767,17
3788,17
3862,17
3931,17
3943,17
3971,17
3989,17
4058,17
4059,17
4094,17
4115,17
4146,17
4293,17
4311,17
4353,17
4360,17
4366,17
4374,17
4385,17
4391,17
4429,17
4493,17
4504,17
4520,17
4558,17
4591,17
4623,17
4635,17
4657,17
4687,17
4765,17
4814,17
4820,17
4858,17
4874,17
4876,17
4880,17
4892,17
4922,17
4928,17
4965,17
4966,17
4967,17
5004,17
5005,17
5016,17
5017,17
5018,17
5019,17
5020,17
5043,17
5074,17
5103,17
5116,17
5119,17
5161,17
5165,17
5173,17
5186,17
5200,17
5206,17
5238,17
5242,17
5264,17
5265,17
5270,17
5342,17
5382,17
5393,17
5413,17
5423,17
5441,17
5457,17
5492,17
5505,17
5507,17
5513,17
5520,17
5573,17
5603,17
5622,17
5645,17
5678,17
5693,17
5694,17
5737,17
5738,17
5739,17
5742,17
5774,17
5793,17
5833,17
5849,17
5856,17
5859,17
5881,17
5924,17
5934,17
5973,17
5974,17
6011,17
6035,17
6055,17
6069,17
6085,17
6089,17
6094,17
6124,17
6142,17
6143,17
6148,17
6181,17
6182,17
6193,17
6194,17
6195,17
6200,17
6209,17
6211,17
6216,17
6241,17
6242,17
6263,17
6265,17
6281,17
6316,17
6319,17
6346,17
6349,17
6366,17
6383,17
6384,17
6385,17
6412,17
6435,17
6452,17
6475,17
6479,17
6519,17
6524,17
6535,17
6538,17
6583,17
6601,17
6614,17
6618,17
6671,17
6692,17
6699,17
6701,17
6755,17
6760,17
6768,17
6811,17
6812,17
6813,17
6815,17
6839,17
6855,17
6883,17
6887,17
6901,17
6910,17
6929,17
6932,17
6942,17
6952,17
6954,17
6956,17
6970,17
6998,17
7010,17
7011,17
7017,17
7027,17
7052,17
7086,17
7088,17
7093,17
7099,17
7112,17
7153,17
7157,17
7165,17
7209,17
7282,17
7298,17
7303,17
7335,17
7343,17
7404,17
7431,17
7433,17
7445,17
7461,17
7462,17
7480,17
7487,17
7503,17
7522,17
7532,17
7537,17
7542,17
7543,17
7590,17
7623,17
7647,17
7685,17
7704,17
7706,17
7728,17
7754,17
7800,17
7804,17
7842,17
7854,17
7856,17
7857,17
7858,17
7889,17
7890,17
7891,17
7917,17
7937,17
7961,17
7983,17
8019,17
8030,17
8057,17
8081,17
8082,17
8094,17
8101,17
8103,17
8117,17
8140,17
8179,17
8182,17
8196,17
8197,17
8198,17
8213,17
8222,17
8226,17
8237,17
8254,17
8272,17
8283,17
8340,17
8341,17
8343,17
8352,17
8357,17
8379,17
8394,17
8396,17
8412,17
8427,17
8439,17
8463,17
8472,17
8478,17
8499,17
8524,17
8540,17
8559,17
8567,17
8571,17
8582,17
8584,17
8601,17
8602,17
8621,17
8639,17
8650,17
8655,17
8660,17
8663,17
8695,17
8730,17
8739,17
8754,17
8766,17
8796,17
47,18
52,18
53,18
54,18
55,18
57,18
58,18
59,18
60,18
61,18
62,18
63,18
64,18
77,18
136,18
155,18
220,18
266,18
280,18
292,18
339,18
454,18
494,18
518,18
525,18
538,18
579,18
632,18
643,18
676,18
768,18
779,18
804,18
844,18
997,18
1041,18
1042,18
1045,18
1051,18
1052,18
1076,18
1092,18
1121,18
1132,18
1135,18
1150,18
1170,18
1177,18
1180,18
1187,18
1258,18
1274,18
1386,18
1507,18
1539,18
1540,18
1563,18
1650,18
1686,18
1694,18
1725,18
1744,18
1909,18
1919,18
1929,18
1964,18
1965,18
1966,18
1967,18
1968,18
1970,18
2063,18
2066,18
2067,18
2068,18
2079,18
2090,18
2137,18
2146,18
2176,18
2181,18
2212,18
2254,18
2298,18
2321,18
2365,18
2399,18
2400,18
2427,18
2445,18
2450,18
2451,18
2452,18
2463,18
2479,18
2526,18
2563,18
2587,18
2599,18
2603,18
2633,18
2646,18
2659,18
2678,18
2699,18
2714,18
2715,18
2741,18
2789,18
2800,18
2804,18
2855,18
2876,18
2877,18
2920,18
2946,18
2959,18
2963,18
2966,18
2967,18
2971,18
2978,18
2999,18
3009,18
3017,18
3020,18
3021,18
3056,18
3070,18
3080,18
3089,18
3090,18
3099,18
3102,18
3104,18
3126,18
3138,18
3171,18
3174,18
3220,18
3240,18
3265,18
3272,18
3273,18
3281,18
3302,18
3320,18
3334,18
3337,18
3340,18
3341,18
3342,18
3343,18
3356,18
3433,18
3438,18
3481,18
3520,18
3542,18
3589,18
3624,18
3664,18
3665,18
3666,18
3667,18
3697,18
3713,18
3717,18
3721,18
3724,18
3725,18
3729,18
3737,18
3738,18
3742,18
3774,18
3785,18
3827,18
3871,18
3880,18
3902,18
3959,18
3972,18
3990,18
3999,18
4049,18
4064,18
4132,18
4145,18
4209,18
4224,18
4244,18
4271,18
4275,18
4279,18
4280,18
4295,18
4313,18
4357,18
4470,18
4532,18
4629,18
4634,18
4677,18
4716,18
4742,18
4743,18
4745,18
4753,18
4764,18
4770,18
4817,18
4839,18
4854,18
4862,18
4863,18
4874,18
4880,18
4983,18
4989,18
4992,18
5034,18
5039,18
5071,18
5078,18
5093,18
5096,18
5097,18
5099,18
5137,18
5142,18
5155,18
5170,18
5174,18
5175,18
5179,18
5232,18
5237,18
5263,18
5293,18
5294,18
5298,18
5299,18
5328,18
5415,18
5423,18
5477,18
5564,18
5570,18
5571,18
5610,18
5655,18
5660,18
5673,18
5678,18
5748,18
5749,18
5750,18
5752,18
5754,18
5808,18
5835,18
5844,18
5854,18
5857,18
5864,18
5883,18
6178,18
6234,18
6274,18
6292,18
6302,18
6393,18
6427,18
6641,18
6732,18
6828,18
6831,18
6847,18
6849,18
6851,18
6866,18
6879,18
6902,18
6911,18
7036,18
7089,18
7090,18
7091,18
7121,18
7156,18
7198,18
7218,18
7377,18
7417,18
7465,18
7560,18
7589,18
7628,18
7765,18
7767,18
7768,18
7771,18
7784,18
7785,18
7786,18
7830,18
7879,18
7907,18
7961,18
8262,18
8278,18
8478,18
8502,18
8602,18
8644,18
8782,18
8796,18
50,19
74,19
85,19
199,19
282,19
299,19
307,19
316,19
375,19
430,19
503,19
555,19
614,19
652,19
689,19
748,19
757,19
795,19
995,19
1002,19
1087,19
1108,19
1156,19
1186,19
1195,19
1234,19
1312,19
1380,19
1655,19
1726,19
1777,19
1897,19
2006,19
2049,19
2103,19
2117,19
2131,19
2149,19
2196,19
2210,19
2232,19
2235,19
2240,19
2324,19
2326,19
2333,19
2349,19
2352,19
2382,19
2388,19
2422,19
2478,19
2494,19
2514,19
2538,19
2608,19
2655,19
2688,19
2689,19
2840,19
2879,19
2880,19
2882,19
2883,19
2886,19
2907,19
2919,19
2939,19
2974,19
2993,19
3111,19
3113,19
3115,19
3131,19
3141,19
3152,19
3154,19
3167,19
3172,19
3179,19
3180,19
3210,19
3215,19
3216,19
3218,19
3393,19
3408,19
3412,19
3432,19
4215,19
5531,19
5964,19
6468,19
6748,19
6898,19
7449,19
7479,19
7739,19
7876,19
8228,19
8242,19
8298,19
8557,19
91,20
110,20
277,20
306,20
348,20
358,20
402,20
497,20
605,20
665,20
670,20
685,20
766,20
858,20
900,20
933,20
972,20
984,20
1076,20
1164,20
1165,20
1221,20
1235,20
1261,20
1316,20
1323,20
1339,20
1348,20
1369,20
1387,20
1398,20
1433,20
1560,20
1615,20
1638,20
1707,20
1729,20
1768,20
1784,20
1804,20
1841,20
1992,20
1997,20
2013,20
2034,20
2076,20
2089,20
2152,20
2208,20
2211,20
2213,20
2294,20
2309,20
2317,20
2364,20
2386,20
2416,20
2522,20
2531,20
2656,20
2674,20
2712,20
2782,20
2838,20
2847,20
2872,20
2956,20
2977,20
3003,20
3024,20
3045,20
3063,20
3068,20
3069,20
3177,20
3213,20
3235,20
3274,20
3327,20
3352,20
3374,20
3379,20
3406,20
3435,20
3504,20
3507,20
3555,20
3576,20
3587,20
3588,20
3638,20
3653,20
3669,20
3679,20
3698,20
3709,20
3744,20
3762,20
3764,20
3810,20
3811,20
3812,20
3837,20
3863,20
3922,20
3978,20
3983,20
4007,20
4067,20
4068,20
4083,20
4114,20
4117,20
4125,20
4156,20
4166,20
4169,20
4170,20
4205,20
4207,20
4253,20
4260,20
4303,20
4367,20
4371,20
4397,20
4468,20
4474,20
4513,20
4626,20
4673,20
4676,20
4698,20
4709,20
4717,20
4755,20
4758,20
4767,20
4769,20
4784,20
4806,20
4830,20
4848,20
4883,20
4890,20
4894,20
4903,20
4910,20
4937,20
4964,20
5014,20
5026,20
5059,20
5076,20
5095,20
5154,20
5188,20
5230,20
5239,20
5266,20
5279,20
5311,20
5314,20
5347,20
5374,20
5375,20
5403,20
5412,20
5444,20
5464,20
5508,20
5515,20
5533,20
5540,20
5551,20
5553,20
5578,20
5596,20
5598,20
5605,20
5606,20
5620,20
5621,20
5736,20
5744,20
5773,20
5955,20
5983,20
6111,20
6118,20
6161,20
6200,20
6232,20
6320,20
6325,20
6329,20
6339,20
6672,20
6678,20
6699,20
6714,20
6776,20
6792,20
6811,20
6812,20
6813,20
6887,20
6891,20
7028,20
7106,20
7325,20
7445,20
7448,20
7483,20
7530,20
7578,20
7636,20
7642,20
7701,20
7727,20
7970,20
8078,20
8178,20
8195,20
8246,20
8340,20
8344,20
8412,20
8425,20
8484,20
8706,20
8785,20
93,21
284,21
513,21
544,21
573,21
879,21
1197,21
1259,21
1348,21
1550,21
1600,21
1797,21
1811,21
1823,21
1830,21
1998,21
2004,21
2080,21
2225,21
2234,21
2252,21
2297,21
2364,21
2579,21
2635,21
2669,21
2713,21
2912,21
2982,21
3051,21
3126,21
3208,21
3260,21
3349,21
3392,21
3640,21
3745,21
3747,21
3858,21
4004,21
4006,21
4054,21
4120,21
4166,21
4213,21
4268,21
4384,21
4410,21
4660,21
4666,21
4749,21
4972,21
4986,21
5324,21
5345,21
5502,21
5503,21
5532,21
5650,21
5741,21
5852,21
6182,21
6339,21
6397,21
6609,21
6624,21
6650,21
6671,21
7007,21
7048,21
7111,21
7196,21
7212,21
7378,21
7509,21
7631,21
7632,21
7731,21
7735,21
7751,21
8105,21
8117,21
8255,21
8383,21
8484,21
8497,21
8547,21
8578,21
8677,21
8777,21
105,22
125,22
194,22
290,22
457,22
546,22
556,22
557,22
687,22
732,22
763,22
885,22
903,22
1033,22
1063,22
1065,22
1086,22
1149,22
1174,22
1175,22
1211,22
1286,22
1297,22
1299,22
1343,22
1385,22
1408,22
1413,22
1469,22
1484,22
1504,22
1529,22
1584,22
1626,22
1635,22
1644,22
1662,22
1712,22
1767,22
1770,22
1835,22
1871,22
1876,22
1878,22
1908,22
1956,22
2037,22
2038,22
2109,22
2123,22
2208,22
2216,22
2256,22
2338,22
2350,22
2378,22
2409,22
2411,22
2448,22
2453,22
2454,22
2487,22
2518,22
2519,22
2529,22
2563,22
2607,22
2632,22
2651,22
2666,22
2762,22
2822,22
2889,22
2893,22
2960,22
2963,22
3052,22
3053,22
3059,22
3060,22
3064,22
3072,22
3075,22
3077,22
3085,22
3086,22
3128,22
3130,22
3205,22
3271,22
3278,22
3289,22
3309,22
3320,22
3359,22
3361,22
3417,22
3420,22
3421,22
3427,22
3446,22
3462,22
3463,22
3471,22
3474,22
3475,22
3500,22
3511,22
3581,22
3607,22
3611,22
3612,22
3613,22
3614,22
3615,22
3641,22
3657,22
3674,22
3691,22
3781,22
3794,22
3853,22
3866,22
3929,22
3947,22
3957,22
4045,22
4092,22
4128,22
4133,22
4155,22
4193,22
4305,22
4327,22
4328,22
4408,22
4494,22
4536,22
4624,22
4646,22
4677,22
4700,22
4780,22
4849,22
4919,22
4988,22
4995,22
5023,22
5027,22
5032,22
5052,22
5066,22
5086,22
5120,22
5125,22
5158,22
5236,22
5350,22
5416,22
5434,22
5435,22
5436,22
5437,22
5439,22
5440,22
5447,22
5510,22
5511,22
5514,22
5538,22
5569,22
5581,22
5586,22
5593,22
5599,22
5602,22
5604,22
5609,22
5654,22
5660,22
5666,22
5668,22
5669,22
5670,22
5672,22
5674,22
5676,22
5987,22
5998,22
6045,22
6080,22
6191,22
6264,22
6393,22
6402,22
6414,22
6458,22
6647,22
6771,22
6966,22
7042,22
7102,22
7269,22
7271,22
7332,22
7349,22
7421,22
7441,22
7481,22
7597,22
7671,22
7676,22
7832,22
7969,22
7970,22
8095,22
8108,22
8118,22
8126,22
8187,22
8258,22
8331,22
8380,22
8419,22
8464,22
8468,22
8485,22
8576,22
8614,22
8685,22
8798,22
112,23
509,23
738,23
1576,23
1620,23
1760,23
3052,23
3246,23
3385,23
3610,23
3639,23
4158,23
4278,23
4281,23
4282,23
4283,23
4928,23
5061,23
5196,23
5247,23
5248,23
5348,23
5363,23
5391,23
5400,23
5404,23
5405,23
5406,23
5407,23
5408,23
5410,23
5411,23
5458,23
5466,23
5499,23
5991,23
6215,23
6387,23
6502,23
7830,23
8194,23
136,24
137,24
167,24
270,24
271,24
325,24
464,24
607,24
610,24
712,24
773,24
841,24
1004,24
1059,24
1168,24
1345,24
1480,24
1572,24
1611,24
1615,24
1643,24
1706,24
1783,24
1823,24
1899,24
1990,24
2078,24
2241,24
2305,24
2320,24
2323,24
2405,24
2551,24
2586,24
2618,24
2694,24
2697,24
2797,24
2975,24
3067,24
3095,24
3117,24
3349,24
3677,24
3816,24
3905,24
3925,24
4005,24
4316,24
4356,24
4647,24
4860,24
4879,24
4888,24
5240,24
5313,24
5429,24
5530,24
5598,24
5612,24
5781,24
6118,24
6250,24
6372,24
6408,24
6524,24
6620,24
6624,24
6692,24
6709,24
6714,24
6757,24
6827,24
6839,24
6872,24
6885,24
7001,24
7030,24
7254,24
7293,24
7376,24
7538,24
7555,24
7627,24
7660,24
7755,24
7877,24
7912,24
7915,24
7955,24
7994,24
8015,24
8097,24
8113,24
8168,24
8276,24
8396,24
8433,24
8507,24
8597,24
137,25
655,25
656,25
657,25
1334,25
2457,25
2625,25
2844,25
2846,25
2902,25
3204,25
3392,25
3786,25
5147,25
141,26
276,26
304,26
306,26
435,26
674,26
710,26
770,26
839,26
1221,26
1262,26
1418,26
1658,26
1714,26
1734,26
1793,26
1877,26
1918,26
2035,26
2112,26
2386,26
2466,26
2566,26
2675,26
2693,26
2787,26
2895,26
3003,26
3092,26
3267,26
3288,26
3352,26
3355,26
3376,26
3484,26
3577,26
3642,26
3682,26
3719,26
3723,26
3824,26
3833,26
4065,26
4112,26
4170,26
4174,26
4253,26
4431,26
4491,26
4709,26
4741,26
4782,26
4850,26
4860,26
4888,26
4890,26
4941,26
4948,26
4979,26
5002,26
5035,26
5063,26
5115,26
5266,26
5311,26
5314,26
5315,26
5540,26
5552,26
5598,26
5606,26
6005,26
6083,26
6329,26
6401,26
6483,26
6553,26
6706,26
6975,26
7035,26
7251,26
7359,26
7363,26
7422,26
7578,26
7746,26
7801,26
8164,26
8186,26
8274,26
8709,26
141,27
6676,27
7693,27
8598,27
152,28
160,28
163,28
487,28
1550,28
1621,28
2060,28
2221,28
3303,28
3388,28
3448,28
3488,28
3561,28
3610,28
3648,28
3649,28
3650,28
3651,28
3652,28
3787,28
3832,28
3835,28
3876,28
3879,28
4149,28
4330,28
4331,28
4334,28
4335,28
4338,28
4339,28
4342,28
4343,28
4344,28
4346,28
4349,28
4402,28
4471,28
4500,28
4882,28
5842,28
5874,28
5875,28
5991,28
6429,28
6430,28
6453,28
6502,28
6544,28
6606,28
6615,28
6637,28
6702,28
6766,28
6772,28
6861,28
6963,28
7053,28
7154,28
7240,28
7262,28
7285,28
7304,28
7312,28
7336,28
7346,28
7348,28
7358,28
7372,28
7385,28
7391,28
7411,28
7425,28
7520,28
7545,28
7641,28
7652,28
7673,28
7677,28
7679,28
7698,28
7795,28
7861,28
7864,28
7901,28
7968,28
7998,28
8033,28
8034,28
8142,28
8143,28
8159,28
8160,28
8165,28
8204,28
8232,28
8273,28
8282,28
8304,28
8307,28
8410,28
8570,28
8585,28
8712,28
8793,28
154,29
523,29
950,29
1171,29
1665,29
1844,29
1881,29
2584,29
3578,29
4096,29
4144,29
4401,29
4473,29
5171,29
5351,29
5356,29
5770,29
6259,29
6364,29
6788,29
6822,29
6926,29
7132,29
8021,29
8491,29
8634,29
8785,29
213,30
528,30
1146,30
1161,30
1391,30
1507,30
1550,30
1619,30
1697,30
1797,30
2462,30
2707,30
2808,30
2912,30
4202,30
4263,30
4353,30
4820,30
5352,30
5761,30
5934,30
6117,30
6271,30
6353,30
6420,30
6529,30
6564,30
6944,30
6985,30
7001,30
7052,30
7113,30
7128,30
7275,30
7466,30
7556,30
7726,30
7871,30
7890,30
7935,30
8226,30
8383,30
8399,30
8400,30
8540,30
8569,30
260,31
7243,31
268,32
427,32
540,32
613,32
615,32
951,32
1913,32
2043,32
2257,32
2456,32
3727,32
3831,32
4111,32
4760,32
5070,32
5219,32
5765,32
6022,32
6234,32
6418,32
6618,32
7770,32
7771,32
7773,32
8042,32
8097,32
8185,32
8314,32
8405,32
8406,32
8428,32
8481,32
8554,32
271,33
303,33
651,33
784,33
895,33
967,33
1076,33
1189,33
1267,33
1340,33
1404,33
1533,33
1578,33
1602,33
1705,33
1716,33
1772,33
1799,33
1911,33
2051,33
2128,33
2169,33
2198,33
2231,33
2246,33
2303,33
2360,33
2364,33
2410,33
2564,33
2602,33
2680,33
2828,33
2849,33
2901,33
2985,33
3165,33
3175,33
3221,33
3244,33
3304,33
3371,33
3539,33
3543,33
3557,33
3592,33
3605,33
3733,33
3748,33
3839,33
3862,33
3903,33
3930,33
4091,33
4101,33
4181,33
4388,33
4406,33
4415,33
4436,33
4524,33
4618,33
4632,33
4677,33
4766,33
4816,33
4918,33
4924,33
4948,33
5178,33
5431,33
5455,33
5479,33
5544,33
5560,33
5589,33
5590,33
5627,33
5766,33
6049,33
6171,33
6208,33
6367,33
6489,33
6659,33
6787,33
6795,33
6820,33
7316,33
7653,33
7819,33
8109,33
8208,33
8301,33
8387,33
8618,33
8703,33
271,34
5234,34
6811,34
6812,34
6813,34
7316,34
7455,34
8300,34
8313,34
8399,34
8412,34
278,35
2403,35
2512,35
3756,35
4972,35
5223,35
5642,35
6234,35
8802,35
279,36
289,36
745,36
751,36
754,36
1233,36
1269,36
1271,36
1350,36
1524,36
1763,36
2094,36
2135,36
2330,36
2500,36
2568,36
2600,36
2661,36
2869,36
3186,36
3213,36
3266,36
3299,36
3549,36
3553,36
3580,36
3704,36
3720,36
3889,36
4407,36
4475,36
4679,36
4811,36
4884,36
4932,36
4937,36
5067,36
5077,36
5088,36
5306,36
5716,36
5826,36
6171,36
6673,36
6674,36
7259,36
7265,36
7341,36
7693,36
7711,36
8022,36
8023,36
286,37
475,37
1146,37
1821,37
2297,37
2844,37
3381,37
4356,37
4879,37
5508,37
6503,37
7540,37
7636,37
7755,37
7790,37
8015,37
8026,37
8086,37
8659,37
297,38
390,38
534,38
834,38
1080,38
2677,38
3101,38
4208,38
4255,38
4520,38
4642,38
4777,38
4827,38
5313,38
5677,38
6060,38
6350,38
6372,38
6788,38
7083,38
7219,38
7519,38
7626,38
7992,38
8116,38
8235,38
8255,38
8323,38
8404,38
8563,38
314,39
317,39
320,39
322,39
323,39
1067,39
1178,39
1287,39
1341,39
1482,39
1501,39
1588,39
1728,39
1795,39
1856,39
2092,39
2307,39
2604,39
2785,39
2990,39
3000,39
3156,39
3259,39
3264,39
3275,39
3277,39
3357,39
3566,39
3591,39
3671,39
3783,39
3843,39
3877,39
3882,39
3884,39
3898,39
3901,39
4002,39
4012,39
4119,39
4137,39
4163,39
4190,39
4197,39
4242,39
4262,39
4270,39
4272,39
4273,39
4665,39
4712,39
5251,39
5289,39
5290,39
5349,39
5355,39
5685,39
5700,39
5701,39
5704,39
5728,39
5729,39
5730,39
5731,39
5732,39
5733,39
5763,39
5764,39
5767,39
5769,39
5772,39
5778,39
5782,39
5806,39
6038,39
6157,39
6544,39
6573,39
6664,39
6825,39
6920,39
7060,39
7344,39
7469,39
7811,39
7968,39
8568,39
8722,39
8737,39
329,40
809,40
1922,40
3204,40
4540,40
4944,40
4997,40
5065,40
6110,40
6200,40
366,41
1489,41
2366,41
378,42
504,42
969,42
1139,42
1327,42
1347,42
1607,42
1789,42
1994,42
2199,42
2402,42
2413,42
2654,42
2914,42
2935,42
3030,42
3118,42
3121,42
3231,42
4276,42
4351,42
4473,42
4879,42
4948,42
4987,42
5224,42
6014,42
6566,42
6705,42
7008,42
7123,42
7434,42
7473,42
7758,42
8255,42
8261,42
8409,42
8515,42
8701,42
8710,42
8718,42
437,43
1138,43
1570,43
1921,43
2126,43
2403,43
2404,43
2442,43
2512,43
2801,43
2878,43
4904,43
5229,43
440,44
517,44
660,44
680,44
837,44
989,44
1068,44
1264,44
1399,44
1768,44
2000,44
2276,44
2373,44
2528,44
2776,44
2843,44
2924,44
3201,44
3250,44
3282,44
3287,44
3633,44
3689,44
3690,44
3699,44
3718,44
3979,44
4052,44
4053,44
4212,44
4220,44
4252,44
4499,44
4663,44
4841,44
5478,44
6228,44
6230,44
6231,44
6336,44
6846,44
6987,44
6988,44
6997,44
7047,44
7261,44
7549,44
7644,44
7645,44
7661,44
7688,44
7695,44
7721,44
7738,44
7893,44
8014,44
8030,44
8059,44
8092,44
8114,44
8347,44
8544,44
8575,44
8580,44
8613,44
8654,44
8739,44
8778,44
8779,44
8780,44
453,45
535,45
738,45
1091,45
1137,45
1222,45
1238,45
1270,45
1324,45
1373,45
1414,45
1415,45
1434,45
1475,45
1476,45
1496,45
1497,45
1526,45
1606,45
1850,45
1851,45
1982,45
2028,45
2052,45
2118,45
2120,45
2296,45
2325,45
2392,45
2475,45
2476,45
2482,45
2532,45
2533,45
2559,45
2647,45
2648,45
2650,45
2931,45
3052,45
3071,45
3414,45
3444,45
3758,45
3949,45
3973,45
3974,45
4158,45
4160,45
4161,45
4162,45
4195,45
4196,45
4375,45
4376,45
4393,45
4501,45
4516,45
4625,45
4928,45
5443,45
6010,45
6021,45
6185,45
6269,45
6387,45
6400,45
6445,45
6689,45
6703,45
6753,45
6824,45
6829,45
6830,45
6853,45
6938,45
7353,45
7446,45
8025,45
8050,45
8132,45
8266,45
8281,45
8318,45
8375,45
8404,45
8473,45
8510,45
8726,45
8798,45
458,46
530,46
860,46
992,46
1138,46
1202,46
1230,46
1512,46
1571,46
1659,46
1663,46
1738,46
1847,46
1971,46
2029,46
2111,46
2248,46
2355,46
2362,46
2366,46
2367,46
2368,46
2369,46
2370,46
2374,46
2376,46
2377,46
2419,46
2430,46
2434,46
2435,46
2436,46
2438,46
2439,46
2440,46
2443,46
2444,46
2461,46
2488,46
2491,46
2492,46
2493,46
2502,46
2503,46
2504,46
2505,46
2506,46
2507,46
2510,46
2511,46
2513,46
2615,46
2624,46
2631,46
2634,46
2636,46
2637,46
2638,46
2639,46
3160,46
4023,46
4024,46
4027,46
4028,46
4031,46
4126,46
4127,46
4131,46
4904,46
4985,46
5936,46
6012,46
6078,46
6109,46
6132,46
6156,46
6159,46
6173,46
6184,46
6270,46
6291,46
6597,46
6741,46
6769,46
6801,46
6808,46
6878,46
6915,46
7107,46
7310,46
7352,46
7426,46
7488,46
7523,46
7535,46
7651,46
7837,46
7850,46
7886,46
7925,46
7928,46
7948,46
8089,46
8154,46
8193,46
8241,46
8245,46
8256,46
8461,46
8486,46
8529,46
8551,46
8664,46
8667,46
8699,46
8775,46
8795,46
458,47
734,47
744,47
838,47
1118,47
1479,47
1760,47
1761,47
1833,47
2065,47
2125,47
2163,47
2745,47
3068,47
3126,47
3543,47
3811,47
3895,47
4105,47
4333,47
4400,47
4948,47
5272,47
5465,47
5783,47
5957,47
6014,47
6034,47
6308,47
6350,47
6388,47
6592,47
6624,47
6855,47
6880,47
6964,47
7224,47
7226,47
7289,47
7291,47
7631,47
7632,47
7668,47
8120,47
8360,47
8404,47
8426,47
8497,47
490,48
1579,48
2483,48
2517,48
2539,48
2557,48
3855,48
4904,48
509,49
544,49
756,49
879,49
1110,49
1505,49
1528,49
1833,49
1850,49
2062,49
2512,49
2745,49
2805,49
2964,49
3011,49
3067,49
3411,49
3466,49
3627,49
3776,49
4006,49
4333,49
4362,49
4650,49
4972,49
5223,49
5395,49
5419,49
5678,49
5777,49
5852,49
6034,49
6051,49
6171,49
6202,49
6357,49
6388,49
6575,49
6624,49
6681,49
7017,49
7094,49
7196,49
7519,49
7785,49
8105,49
8383,49
8399,49
8404,49
8747,49
532,50
1520,50
1522,50
1523,50
1903,50
2387,50
3000,50
3385,50
3610,50
3761,50
3874,50
3942,50
3952,50
4014,50
4148,50
4337,50
4414,50
4527,50
5140,50
5221,50
6484,50
6933,50
7217,50
7474,50
7724,50
7853,50
570,51
743,51
2058,51
6318,51
6528,51
6817,51
7115,51
611,52
1406,52
1436,52
2774,52
2781,52
3204,52
3348,52
5051,52
5683,52
5934,52
7206,52
618,53
769,53
1326,53
1741,53
1833,53
2720,53
2803,53
3083,53
3543,53
3670,53
3739,53
3858,53
3941,53
4213,53
4333,53
4364,53
4950,53
4984,53
4998,53
5371,53
5518,53
6115,53
6202,53
6234,53
6350,53
6446,53
6600,53
6837,53
6880,53
7224,53
7226,53
7442,53
7519,53
7632,53
7668,53
7966,53
8120,53
8141,53
8321,53
8430,53
8497,53
8675,53
636,54
695,54
742,54
840,54
1048,54
1118,54
1555,54
1720,54
1818,54
1819,54
1820,54
1821,54
1822,54
1824,54
1825,54
1826,54
1827,54
1828,54
1830,54
1831,54
1832,54
2375,54
2403,54
2521,54
3608,54
3856,54
3950,54
4636,54
4904,54
5639,54
7165,54
695,55
840,55
4904,55
699,56
738,56
774,56
1031,56
1361,56
1494,56
1498,56
1527,56
1530,56
1535,56
1566,56
1567,56
1568,56
1569,56
1599,56
1603,56
1630,56
1631,56
1645,56
1648,56
1678,56
1683,56
1708,56
1710,56
1733,56
1736,56
1785,56
1808,56
1810,56
2050,56
2061,56
2095,56
2334,56
2372,56
2683,56
2701,56
2913,56
3192,56
3573,56
3619,56
3639,56
3814,56
3991,56
3992,56
3993,56
3994,56
3995,56
4018,56
4019,56
4020,56
4021,56
4022,56
4039,56
4040,56
4041,56
4042,56
4047,56
4048,56
4069,56
4070,56
4071,56
4072,56
4074,56
4075,56
4076,56
4077,56
4078,56
4079,56
4165,56
4199,56
4298,56
4398,56
4469,56
4934,56
4970,56
6234,56
6422,56
6856,56
7195,56
8226,56
8445,56
8556,56
8790,56
700,57
1550,57
1605,57
2060,57
2825,57
4213,57
4523,57
5723,57
5966,57
5976,57
6354,57
742,58
746,58
771,58
821,58
1821,58
1825,58
2403,58
2442,58
2449,58
2456,58
2458,58
2464,58
2465,58
2512,58
2534,58
2542,58
2556,58
3546,58
3956,58
4003,58
4032,58
4978,58
5082,58
5147,58
5189,58
6047,58
6211,58
6765,58
6773,58
6945,58
7636,58
7682,58
8011,58
8353,58
8532,58
8739,58
8802,58
838,59
1446,59
1517,59
1773,59
1807,59
1830,59
2192,59
2219,59
2819,59
2934,59
3083,59
3227,59
4333,59
4523,59
4998,59
5249,59
5923,59
5966,59
6436,59
6600,59
6654,59
6721,59
7224,59
7226,59
7380,59
7466,59
7594,59
8317,59
8321,59
8404,59
840,60
1118,60
1229,60
4970,60
5639,60
5642,60
5715,60
7012,60
7165,60
8164,60
883,61
3112,61
888,62
1721,62
2784,62
3026,62
3798,62
4051,62
4670,62
5634,62
5726,62
6171,62
8271,62
8775,62
1100,63
1118,64
1124,65
1293,65
2162,65
2675,65
3003,65
3092,65
3206,65
3762,65
3996,65
4253,65
5314,65
6234,65
7888,65
8195,65
1210,66
1666,66
1837,66
1931,66
2947,66
8457,66
1262,67
1267,67
2323,67
2345,67
2486,67
2709,67
3263,67
3550,67
3833,67
4809,67
4831,67
5003,67
5280,67
5362,67
5606,67
5771,67
6099,67
6197,67
6220,67
6246,67
6653,67
6904,67
7143,67
7219,67
7363,67
7375,67
7578,67
7592,67
8274,67
1321,68
1797,68
1998,68
2225,68
3392,68
3767,68
4785,68
6143,68
6517,68
7099,68
8226,68
8255,68
1334,69
2225,69
4885,69
5271,69
5342,69
7453,69
1338,70
3125,70
4211,70
6473,70
1367,71
1387,71
3543,71
4474,71
5578,71
7758,71
1425,72
4493,72
1488,73
3208,73
7067,73
1609,74
1904,74
3092,74
4473,74
7064,74
8485,74
8789,74
1625,75
2416,75
2904,75
1928,76
8633,76
2088,77
2192,78
3704,78
4487,78
4828,78
4831,78
5313,78
5699,78
7363,78
8027,78
8729,78
2197,79
2239,80
2447,81
6592,81
8633,81
2661,82
2831,83
3537,83
3956,83
4152,83
4187,83
4192,83
4329,83
4616,83
6026,83
6224,83
6403,83
6442,83
6485,83
6654,83
6981,83
7025,83
7120,83
7183,83
7510,83
7834,83
7919,83
8687,83
8762,83
8801,83
2911,84
3206,85
7984,85
4051,86
7669,86
4063,87
4065,88
4227,89
6855,89
7012,89
8789,89
4419,90
5642,90
6057,90
6294,90
4551,91
5613,91
7434,91
7994,91
8746,91
4879,92
5044,93
5144,93
5080,94
5132,94
5310,94
5261,95
6692,95
7677,95
7812,95
8327,95
8328,95
5487,96
5894,97
7985,97
8511,97
5931,98
5931,99
6234,100
6234,101
6428,102
6443,103
6600,104
6620,105
6792,106
6800,107
7012,108
8485,108
8789,108
7062,109
7342,110
7386,111
7557,112
7755,113
8074,114
8163,115
8287,116
8383,117
8457,118
8457,119
8478,120
8703,121
8746,122
8789,123
